"coefName","coef","X2.5..","X97.5..","pVal","upperTailPval","lowerTailPval","Std.error","converged","HGNC"
"(Intercept)",-12.8969275087834,NA,NA,3.57561065531488e-232,1,0,0.396419064315097,TRUE,"A1CF"
"isTarget1",0.5323437984737,NA,NA,0.276645485907642,0.138322742953821,0.861677257046179,0.489337901509498,TRUE,"A1CF"
"tumorTypeIDC",0.251039699644502,NA,NA,0.580921212905814,0.290460606452907,0.709539393547093,0.454749429914224,TRUE,"A1CF"
"tumorTypeLUAD",1.30780935657864,NA,NA,0.00682315022407598,0.00341157511203799,0.996588424887962,0.483415126349443,TRUE,"A1CF"
"tumorTypePAAD",-0.287336512489509,NA,NA,0.650623626643879,0.67468818667806,0.32531181332194,0.634442583529853,TRUE,"A1CF"
