"coefName","coef","X2.5..","X97.5..","pVal","upperTailPval","lowerTailPval","Std.error","converged","HGNC"
"(Intercept)",-12.8115352915867,NA,NA,1.22267912321065e-194,1,0,0.430470095656621,TRUE,"ABI1"
"isTarget1",-0.493560478251654,NA,NA,0.529209266312392,0.735395366843804,0.264604633156196,0.784408547559236,TRUE,"ABI1"
"tumorTypeIDC",-0.198629951479441,NA,NA,0.702790652126554,0.648604673936723,0.351395326063277,0.520578629442325,TRUE,"ABI1"
"tumorTypeLUAD",0.02387340521664,NA,NA,0.967726047437538,0.483863023718769,0.516136976281231,0.590043179131849,TRUE,"ABI1"
"tumorTypePAAD",-0.748372806959642,NA,NA,0.356873813915075,0.821563093042462,0.178436906957538,0.812267090763736,TRUE,"ABI1"
