"coefName","coef","X2.5..","X97.5..","pVal","upperTailPval","lowerTailPval","Std.error","converged","HGNC"
"(Intercept)",-12.5377269608333,NA,NA,0,1,0,0.278266951071671,TRUE,"ABL2"
"isTarget1",0.0268714149756088,NA,NA,0.955350173353319,0.47767508667666,0.52232491332334,0.479936700543935,TRUE,"ABL2"
"tumorTypeIDC",-0.382012805741128,NA,NA,0.297309573901722,0.851345213049139,0.148654786950861,0.366537498731412,TRUE,"ABL2"
"tumorTypeLUAD",0.204018608214194,NA,NA,0.607489737409181,0.30374486870459,0.69625513129541,0.397186108781511,TRUE,"ABL2"
"tumorTypePAAD",-0.947470553071296,NA,NA,0.135421736375654,0.932289131812173,0.0677108681878269,0.634583452923864,TRUE,"ABL2"
