"coefName","coef","X2.5..","X97.5..","pVal","upperTailPval","lowerTailPval","Std.error","converged","HGNC"
"(Intercept)",-12.8739523718467,NA,NA,1.28914726351365e-126,1,0,0.537846340851857,TRUE,"AJUBA"
"isTarget1",-0.573888662746238,NA,NA,0.468858734493486,0.765570632753257,0.234429367246743,0.792294873494526,TRUE,"AJUBA"
"tumorTypeIDC",0.0545236967913804,NA,NA,0.926728694685206,0.463364347342603,0.536635652657397,0.592897529930805,TRUE,"AJUBA"
"tumorTypeLUAD",-0.000472840203494555,NA,NA,0.999450643569145,0.500274678215428,0.499725321784572,0.686752438120977,TRUE,"AJUBA"
"tumorTypePAAD",-0.442748088233893,NA,NA,0.586425621792059,0.706787189103971,0.293212810896029,0.813840701578157,TRUE,"AJUBA"
