"coefName","coef","X2.5..","X97.5..","pVal","upperTailPval","lowerTailPval","Std.error","converged","HGNC"
"(Intercept)",-12.6594418699411,NA,NA,0,1,0,0.325419418558617,TRUE,"ARNT"
"isTarget1",0.0122926880948226,NA,NA,0.981945290115003,0.490972645057501,0.509027354942499,0.543199475597921,TRUE,"ARNT"
"tumorTypeIDC",-0.158371345478441,NA,NA,0.696898235782596,0.651550882108702,0.348449117891298,0.406590260235546,TRUE,"ARNT"
"tumorTypeLUAD",0.170527766101495,NA,NA,0.71305290978384,0.35652645489192,0.64347354510808,0.463694281952406,TRUE,"ARNT"
"tumorTypePAAD",-0.583551855485858,NA,NA,0.347845402786386,0.826077298606807,0.173922701393193,0.621608795676531,TRUE,"ARNT"
