"coefName","coef","X2.5..","X97.5..","pVal","upperTailPval","lowerTailPval","Std.error","converged","HGNC"
"(Intercept)",-13.6973508555528,NA,NA,1.24463792108663e-91,1,0,0.674693145706486,TRUE,"ATXN3"
"isTarget1",-0.169679855941448,NA,NA,0.843403557200162,0.578298221399919,0.421701778600081,0.858956622479723,TRUE,"ATXN3"
"tumorTypeIDC",-0.238051691724474,NA,NA,0.736114089318871,0.631942955340564,0.368057044659436,0.706377026433804,TRUE,"ATXN3"
"tumorTypeLUAD",-0.370245466645046,NA,NA,0.65647872343418,0.67176063828291,0.32823936171709,0.832423753489313,TRUE,"ATXN3"
"tumorTypePAAD",-0.294133735664235,NA,NA,0.726605297300747,0.636697351349626,0.363302648650374,0.841235875665062,TRUE,"ATXN3"
