"coefName","coef","X2.5..","X97.5..","pVal","upperTailPval","lowerTailPval","Std.error","converged","HGNC"
"(Intercept)",-12.8697205345045,NA,NA,1.23198868168873e-61,1,0,0.776886482297998,TRUE,"B2M"
"isTarget1",-0.108989157098263,NA,NA,0.902256489554368,0.548871755222816,0.451128244777184,0.887451858017283,TRUE,"B2M"
"tumorTypeIDC",-0.717997106240673,NA,NA,0.410622622693365,0.794688688653317,0.205311311346683,0.872628178903004,TRUE,"B2M"
"tumorTypeLUAD",-0.307207606392872,NA,NA,0.717040626330402,0.641479686834799,0.358520313165201,0.847663935512357,TRUE,"B2M"
"tumorTypePAAD",-0.242599886915168,NA,NA,0.777280222112696,0.611359888943652,0.388640111056348,0.857652136283738,TRUE,"B2M"
