"coefName","coef","X2.5..","X97.5..","pVal","upperTailPval","lowerTailPval","Std.error","converged","HGNC"
"(Intercept)",-12.880499873015,NA,NA,8.43879190172429e-115,1,0,0.565597037049189,TRUE,"BCL10"
"isTarget1",0.351441592013355,NA,NA,0.643624702113273,0.321812351056637,0.678187648943364,0.75964896540992,TRUE,"BCL10"
"tumorTypeIDC",-0.126886833825245,NA,NA,0.839150062995405,0.580424968502298,0.419575031497702,0.625117512845453,TRUE,"BCL10"
"tumorTypeLUAD",0.045130580951554,NA,NA,0.948491159755111,0.474245579877555,0.525754420122445,0.69859780876441,TRUE,"BCL10"
"tumorTypePAAD",-0.406284719937769,NA,NA,0.619752611481572,0.690123694259214,0.309876305740786,0.81879062482457,TRUE,"BCL10"
