"coefName","coef","X2.5..","X97.5..","pVal","upperTailPval","lowerTailPval","Std.error","converged","HGNC"
"(Intercept)",-12.2384141108724,NA,NA,6.40873254761571e-175,1,0,0.434036271085635,TRUE,"BCL11B"
"isTarget1",0.0385876992387248,NA,NA,0.940335144262873,0.470167572131437,0.529832427868563,0.515543117709381,TRUE,"BCL11B"
"tumorTypeIDC",-0.759825795212147,NA,NA,0.198990419371803,0.900504790314099,0.0994952096859013,0.591565049624855,TRUE,"BCL11B"
"tumorTypeLUAD",0.439474366983031,NA,NA,0.419832178769339,0.209916089384669,0.790083910615331,0.544772025875459,TRUE,"BCL11B"
"tumorTypePAAD",-0.229653127806085,NA,NA,0.720219905107772,0.639890047446114,0.360109952553886,0.641193821974743,TRUE,"BCL11B"
