"coefName","coef","X2.5..","X97.5..","pVal","upperTailPval","lowerTailPval","Std.error","converged","HGNC"
"(Intercept)",-13.2946528580804,NA,NA,3.02225234046864e-99,1,0,0.628716393486375,TRUE,"BCL7A"
"isTarget1",0.453552629012749,NA,NA,0.57041170076748,0.28520585038374,0.71479414961626,0.799288765386928,TRUE,"BCL7A"
"tumorTypeIDC",0.070421541894596,NA,NA,0.914527875664953,0.457263937832476,0.542736062167524,0.656127017288335,TRUE,"BCL7A"
"tumorTypeLUAD",-0.388801036747956,NA,NA,0.637906334611445,0.681046832694277,0.318953167305723,0.826132212581408,TRUE,"BCL7A"
"tumorTypePAAD",0.292518503008196,NA,NA,0.701924378180692,0.350962189090346,0.649037810909654,0.764306556414229,TRUE,"BCL7A"
