"coefName","coef","X2.5..","X97.5..","pVal","upperTailPval","lowerTailPval","Std.error","converged","HGNC"
"(Intercept)",-12.1667898013755,NA,NA,6.04840347142891e-178,1,0,0.427769244630961,TRUE,"BCL9L"
"isTarget1",0.861037431653022,NA,NA,0.110311353076045,0.0551556765380225,0.944844323461978,0.539228449437928,TRUE,"BCL9L"
"tumorTypeIDC",-2.94848415559898,NA,NA,0.0138217963024951,0.993089101848752,0.00691089815124757,1.19766442955633,TRUE,"BCL9L"
"tumorTypeLUAD",-0.412734331591327,NA,NA,0.459602440676734,0.770198779661633,0.229801220338367,0.558124966843293,TRUE,"BCL9L"
"tumorTypePAAD",-1.34799956021124,NA,NA,0.131767122306492,0.934116438846754,0.0658835611532461,0.894391263459822,TRUE,"BCL9L"
