"coefName","coef","X2.5..","X97.5..","pVal","upperTailPval","lowerTailPval","Std.error","converged","HGNC"
"(Intercept)",-12.8741551054586,NA,NA,0,1,0,0.298500936108291,TRUE,"BLM"
"isTarget1",0.101004709809099,NA,NA,0.836368334306062,0.418184167153031,0.581815832846969,0.489029806058608,TRUE,"BLM"
"tumorTypeIDC",-0.602673638599629,NA,NA,0.14761616364436,0.92619191817782,0.07380808182218,0.41621016479726,TRUE,"BLM"
"tumorTypeLUAD",0.464206731695731,NA,NA,0.25278832480142,0.12639416240071,0.87360583759929,0.405915986020874,TRUE,"BLM"
"tumorTypePAAD",-0.427505008671658,NA,NA,0.426973666109056,0.786513166945472,0.213486833054528,0.538161175368377,TRUE,"BLM"
