"coefName","coef","X2.5..","X97.5..","pVal","upperTailPval","lowerTailPval","Std.error","converged","HGNC"
"(Intercept)",-12.5093368404019,NA,NA,0,1,0,0.326536993639854,TRUE,"BRCA1"
"isTarget1",-0.27004789353066,NA,NA,0.656433177828973,0.671783411085513,0.328216588914487,0.60706330214154,TRUE,"BRCA1"
"tumorTypeIDC",-0.305199293493382,NA,NA,0.463980646194042,0.768009676902979,0.231990323097021,0.416763611392351,TRUE,"BRCA1"
"tumorTypeLUAD",-0.038410322313993,NA,NA,0.935976937171543,0.532011531414229,0.467988468585771,0.478172637983413,TRUE,"BRCA1"
"tumorTypePAAD",-1.4406543645768,NA,NA,0.11146892181032,0.94426553909484,0.05573446090516,0.905146685169388,TRUE,"BRCA1"
