"coefName","coef","X2.5..","X97.5..","pVal","upperTailPval","lowerTailPval","Std.error","converged","HGNC"
"(Intercept)",-13.3942558543739,NA,NA,2.68688937174111e-152,1,0,0.509535434282468,TRUE,"BRD7"
"isTarget1",0.152812291362663,NA,NA,0.825201410251739,0.412600705125869,0.587399294874131,0.691896503039642,TRUE,"BRD7"
"tumorTypeIDC",0.341954427627957,NA,NA,0.543843274650941,0.27192163732547,0.72807836267453,0.5633409298242,TRUE,"BRD7"
"tumorTypeLUAD",-0.0653205070411815,NA,NA,0.922719825525934,0.538640087237033,0.461359912762967,0.673349868637454,TRUE,"BRD7"
"tumorTypePAAD",-0.499926930138179,NA,NA,0.53696232891713,0.731518835541435,0.268481164458565,0.809712307438928,TRUE,"BRD7"
