"coefName","coef","X2.5..","X97.5..","pVal","upperTailPval","lowerTailPval","Std.error","converged","HGNC"
"(Intercept)",-13.729103591574,NA,NA,3.67515277050133e-35,1,0,1.10963365729275,TRUE,"BTG2"
"isTarget1",-0.159385700357936,NA,NA,0.854388727787676,0.572805636106162,0.427194363893838,0.868484424507301,TRUE,"BTG2"
"tumorTypeIDC",-0.273411091988241,NA,NA,0.756848899275392,0.621575550362304,0.378424449637696,0.883049794440733,TRUE,"BTG2"
"tumorTypeLUAD",2.22448294948379,NA,NA,0.0651960539252609,0.0325980269626305,0.96740197303737,1.20639362257725,TRUE,"BTG2"
"tumorTypePAAD",-0.0792131374279114,NA,NA,0.931780358349549,0.534109820825226,0.465890179174774,0.925332182046635,TRUE,"BTG2"
