"coefName","coef","X2.5..","X97.5..","pVal","upperTailPval","lowerTailPval","Std.error","converged","HGNC"
"(Intercept)",-12.5007781445406,NA,NA,3.40237888980556e-89,1,0,0.624289590440737,TRUE,"C15orf65"
"isTarget1",0.453344271915365,NA,NA,0.570385852733154,0.285192926366577,0.714807073633423,0.798868005762381,TRUE,"C15orf65"
"tumorTypeIDC",-0.000643589707977492,NA,NA,0.999210770022724,0.500394614988638,0.499605385011362,0.650647114952337,TRUE,"C15orf65"
"tumorTypeLUAD",-0.429375300321645,NA,NA,0.602018108370877,0.698990945814562,0.301009054185438,0.823345792398755,TRUE,"C15orf65"
"tumorTypePAAD",-0.342002952541736,NA,NA,0.680293676212048,0.659853161893976,0.340146838106024,0.829978518393875,TRUE,"C15orf65"
