"coefName","coef","X2.5..","X97.5..","pVal","upperTailPval","lowerTailPval","Std.error","converged","HGNC"
"(Intercept)",-12.9868489470455,NA,NA,4.26527721358445e-229,1,0,0.401879307349202,TRUE,"CARS"
"isTarget1",-0.534387532134112,NA,NA,0.494215728172846,0.752892135913577,0.247107864086423,0.781703643970625,TRUE,"CARS"
"tumorTypeIDC",-0.424243524985885,NA,NA,0.406269744606871,0.796865127696564,0.203134872303436,0.510843847085446,TRUE,"CARS"
"tumorTypeLUAD",-0.477242458229376,NA,NA,0.452791661231807,0.773604169384096,0.226395830615904,0.635671463449868,TRUE,"CARS"
"tumorTypePAAD",-0.956892130975359,NA,NA,0.251178426676717,0.874410786661641,0.125589213338359,0.833898894984295,TRUE,"CARS"
