"coefName","coef","X2.5..","X97.5..","pVal","upperTailPval","lowerTailPval","Std.error","converged","HGNC"
"(Intercept)",-13.2205034691199,NA,NA,5.24686367992482e-151,1,0,0.505099459376115,TRUE,"CASP9"
"isTarget1",-0.365082823322297,NA,NA,0.648535187297704,0.675732406351148,0.324267593648852,0.800974909708664,TRUE,"CASP9"
"tumorTypeIDC",-0.0387439186712225,NA,NA,0.946434977356859,0.526782511321571,0.473217488678429,0.576681071315161,TRUE,"CASP9"
"tumorTypeLUAD",0.325688098593079,NA,NA,0.615319654107582,0.307659827053791,0.692340172946209,0.648142492336402,TRUE,"CASP9"
"tumorTypePAAD",-0.496079586670921,NA,NA,0.539934230478202,0.730032884760899,0.269967115239101,0.809380828267203,TRUE,"CASP9"
