"coefName","coef","X2.5..","X97.5..","pVal","upperTailPval","lowerTailPval","Std.error","converged","HGNC"
"(Intercept)",-13.2733253393434,NA,NA,1.42677538475877e-149,1,0,0.509576707911772,TRUE,"CASP9"
"isTarget1",1.0299597280392,NA,NA,0.10073462091517,0.0503673104575848,0.949632689542415,0.627525808399036,TRUE,"CASP9"
"tumorTypeIDC",-0.125201228257649,NA,NA,0.826162155719521,0.58691892214024,0.41308107785976,0.570064653926886,TRUE,"CASP9"
"tumorTypeLUAD",1.1364423589121,NA,NA,0.0639409732434095,0.0319704866217048,0.968029513378295,0.613433958105121,TRUE,"CASP9"
"tumorTypePAAD",-0.551994924329046,NA,NA,0.49489383172767,0.752553084136165,0.247446915863835,0.808729386898418,TRUE,"CASP9"
