"coefName","coef","X2.5..","X97.5..","pVal","upperTailPval","lowerTailPval","Std.error","converged","HGNC"
"(Intercept)",-11.825611647497,NA,NA,0,1,0,0.279286164848975,TRUE,"CBFA2T3"
"isTarget1",0.4548524056731,NA,NA,0.343067796636135,0.171533898318067,0.828466101681933,0.479740821307144,TRUE,"CBFA2T3"
"tumorTypeIDC",-0.979502125947556,NA,NA,0.0225219945856418,0.988739002707179,0.0112609972928209,0.429333671683201,TRUE,"CBFA2T3"
"tumorTypeLUAD",-0.390907086347388,NA,NA,0.39030040611318,0.80484979694341,0.19515020305659,0.455033764742896,TRUE,"CBFA2T3"
"tumorTypePAAD",-0.624985774420605,NA,NA,0.244610184306015,0.877694907846993,0.122305092153007,0.537141296556268,TRUE,"CBFA2T3"
