"coefName","coef","X2.5..","X97.5..","pVal","upperTailPval","lowerTailPval","Std.error","converged","HGNC"
"(Intercept)",-12.8826665406578,NA,NA,2.58398678342031e-70,1,0,0.726715742178948,TRUE,"CBFB"
"isTarget1",0.353134574743464,NA,NA,0.648420113943915,0.324210056971958,0.675789943028042,0.774489104233256,TRUE,"CBFB"
"tumorTypeIDC",0.260958074258992,NA,NA,0.712282043460275,0.356141021730138,0.643858978269862,0.707600453356391,TRUE,"CBFB"
"tumorTypeLUAD",-0.298644054699465,NA,NA,0.723310913616418,0.638344543191791,0.361655456808209,0.843538340160394,TRUE,"CBFB"
"tumorTypePAAD",-0.236056750654506,NA,NA,0.782588750333172,0.608705624833414,0.391294375166586,0.855442256128175,TRUE,"CBFB"
