"coefName","coef","X2.5..","X97.5..","pVal","upperTailPval","lowerTailPval","Std.error","converged","HGNC"
"(Intercept)",-14.4280794989249,NA,NA,2.55822150421971e-47,1,0,0.99857955317929,TRUE,"CCNB1IP1"
"isTarget1",0.349442396018184,NA,NA,0.645549110332771,0.322774555166385,0.677225444833615,0.759733060460333,TRUE,"CCNB1IP1"
"tumorTypeIDC",1.91133783884955,NA,NA,0.0633142494704702,0.0316571247352351,0.968342875264765,1.02927314601335,TRUE,"CCNB1IP1"
"tumorTypeLUAD",-0.162727003539633,NA,NA,0.854949065544445,0.572525467227778,0.427474532772222,0.890154975633492,TRUE,"CCNB1IP1"
"tumorTypePAAD",-0.125084580158837,NA,NA,0.889792477285648,0.555103761357176,0.444896238642824,0.902702358333934,TRUE,"CCNB1IP1"
