"coefName","coef","X2.5..","X97.5..","pVal","upperTailPval","lowerTailPval","Std.error","converged","HGNC"
"(Intercept)",-13.3097647909774,NA,NA,5.20258251322819e-49,1,0,0.904533665673953,TRUE,"CCND2"
"isTarget1",-0.171494724719328,NA,NA,0.841724230374616,0.579137884812692,0.420862115187308,0.858811343429593,TRUE,"CCND2"
"tumorTypeIDC",1.18397301026337,NA,NA,0.199102752368765,0.0995513761843827,0.900448623815617,0.922016898909133,TRUE,"CCND2"
"tumorTypeLUAD",-0.17483446525991,NA,NA,0.842847035552222,0.578576482223889,0.421423517776111,0.881875015534247,TRUE,"CCND2"
"tumorTypePAAD",-0.134852991966292,NA,NA,0.880282376196443,0.559858811901778,0.440141188098222,0.895371231354823,TRUE,"CCND2"
