"coefName","coef","X2.5..","X97.5..","pVal","upperTailPval","lowerTailPval","Std.error","converged","HGNC"
"(Intercept)",-12.6343315417188,NA,NA,1.14980226625362e-192,1,0,0.426708068333543,TRUE,"CCR7"
"isTarget1",-0.0192805471024185,NA,NA,0.976216650293765,0.511891674853118,0.488108325146882,0.64672859663635,TRUE,"CCR7"
"tumorTypeIDC",0.18780273486255,NA,NA,0.70590482174165,0.352952410870825,0.647047589129175,0.497673008037813,TRUE,"CCR7"
"tumorTypeLUAD",0.0838324826627283,NA,NA,0.887873710020948,0.443936855010474,0.556063144989526,0.594576725898502,TRUE,"CCR7"
"tumorTypePAAD",0.239657266464358,NA,NA,0.696695500094281,0.34834775004714,0.65165224995286,0.614844686683796,TRUE,"CCR7"
