"coefName","coef","X2.5..","X97.5..","pVal","upperTailPval","lowerTailPval","Std.error","converged","HGNC"
"(Intercept)",-12.5875492677865,NA,NA,3.14181847329624e-255,1,0,0.368865942373438,TRUE,"CDC73"
"isTarget1",-0.185316084790176,NA,NA,0.763957499112036,0.618021250443982,0.381978749556018,0.617127875956584,TRUE,"CDC73"
"tumorTypeIDC",0.0081827526236588,NA,NA,0.985209115818577,0.492604557909288,0.507395442090712,0.441387948442977,TRUE,"CDC73"
"tumorTypeLUAD",0.228826540818918,NA,NA,0.653059724266773,0.326529862133387,0.673470137866613,0.509051337942762,TRUE,"CDC73"
"tumorTypePAAD",-1.05839006670655,NA,NA,0.210041616430636,0.894979191784682,0.105020808215318,0.844380878175723,TRUE,"CDC73"
