"coefName","coef","X2.5..","X97.5..","pVal","upperTailPval","lowerTailPval","Std.error","converged","HGNC"
"(Intercept)",-11.8055785858999,NA,NA,0,1,0,0.274825074056541,TRUE,"CDH11"
"isTarget1",0.334765559525546,NA,NA,0.436898042714796,0.218449021357398,0.781550978642602,0.430598759361267,TRUE,"CDH11"
"tumorTypeIDC",-0.517958694860253,NA,NA,0.162794814702372,0.918602592648814,0.0813974073511861,0.371101474149261,TRUE,"CDH11"
"tumorTypeLUAD",-0.571187472460859,NA,NA,0.242035539938585,0.878982230030708,0.121017769969292,0.488230267093637,TRUE,"CDH11"
"tumorTypePAAD",-0.00493257900055915,NA,NA,0.99094692738562,0.50452653630719,0.49547346369281,0.434719166626967,TRUE,"CDH11"
