"coefName","coef","X2.5..","X97.5..","pVal","upperTailPval","lowerTailPval","Std.error","converged","HGNC"
"(Intercept)",-13.1718452969586,NA,NA,1.4221480560488e-251,1,0,0.388806451001699,TRUE,"CDK12"
"isTarget1",0.357576628411475,NA,NA,0.462716100444227,0.231358050222113,0.768641949777887,0.486908373820967,TRUE,"CDK12"
"tumorTypeIDC",0.0033584541178812,NA,NA,0.994107056472961,0.497053528236481,0.502946471763519,0.454719159329936,TRUE,"CDK12"
"tumorTypeLUAD",0.322638865228012,NA,NA,0.534649256698865,0.267324628349432,0.732675371650568,0.519610404818459,TRUE,"CDK12"
"tumorTypePAAD",-0.309086492335191,NA,NA,0.623967256726206,0.688016371636897,0.311983628363103,0.6304857296158,TRUE,"CDK12"
