"coefName","coef","X2.5..","X97.5..","pVal","upperTailPval","lowerTailPval","Std.error","converged","HGNC"
"(Intercept)",-12.9366230945445,NA,NA,8.35412382461052e-94,1,0,0.62964137529326,TRUE,"CDKN2C"
"isTarget1",0.452800813507077,NA,NA,0.570882695079682,0.285441347539841,0.714558652460159,0.798939966512459,TRUE,"CDKN2C"
"tumorTypeIDC",0.0794463657107314,NA,NA,0.903762080193114,0.451881040096557,0.548118959903443,0.657068609634288,TRUE,"CDKN2C"
"tumorTypeLUAD",0.188423160633598,NA,NA,0.798336102305164,0.399168051152582,0.600831948847418,0.737465194666798,TRUE,"CDKN2C"
"tumorTypePAAD",-0.30536773106877,NA,NA,0.714849402231552,0.642575298884224,0.357424701115776,0.835820126079208,TRUE,"CDKN2C"
