"coefName","coef","X2.5..","X97.5..","pVal","upperTailPval","lowerTailPval","Std.error","converged","HGNC"
"(Intercept)",-13.3636191428021,NA,NA,2.06563016349771e-99,1,0,0.63144186537883,TRUE,"CDX2"
"isTarget1",-0.222212193238185,NA,NA,0.791026277810059,0.604486861094971,0.395513138905029,0.838605656667647,TRUE,"CDX2"
"tumorTypeIDC",-0.261948000450137,NA,NA,0.70572066007738,0.64713966996131,0.35286033003869,0.693700654334278,TRUE,"CDX2"
"tumorTypeLUAD",0.717951439238889,NA,NA,0.341497513772241,0.170748756886121,0.829251243113879,0.754776588484888,TRUE,"CDX2"
"tumorTypePAAD",-0.305660771289621,NA,NA,0.714728546129609,0.642635726935195,0.357364273064805,0.83625156395569,TRUE,"CDX2"
