"coefName","coef","X2.5..","X97.5..","pVal","upperTailPval","lowerTailPval","Std.error","converged","HGNC"
"(Intercept)",-13.0454130698595,NA,NA,0,1,0,0.27632088804524,TRUE,"CHD2"
"isTarget1",-0.15953158836157,NA,NA,0.730539790547442,0.634730104726279,0.365269895273721,0.463205801733789,TRUE,"CHD2"
"tumorTypeIDC",0.384321068146423,NA,NA,0.234597286770589,0.117298643385295,0.882701356614706,0.32333940355551,TRUE,"CHD2"
"tumorTypeLUAD",-0.148896630934938,NA,NA,0.731241827578891,0.634379086210554,0.365620913789446,0.433501780838456,TRUE,"CHD2"
"tumorTypePAAD",-0.540926963527894,NA,NA,0.312059002475831,0.843970498762085,0.156029501237915,0.535088582644806,TRUE,"CHD2"
