"coefName","coef","X2.5..","X97.5..","pVal","upperTailPval","lowerTailPval","Std.error","converged","HGNC"
"(Intercept)",-11.5218297626179,NA,NA,0,1,0,0.187833798391445,TRUE,"CHD8"
"isTarget1",0.0659464251283369,NA,NA,0.823250699183409,0.411625349591705,0.588374650408295,0.295239376190627,TRUE,"CHD8"
"tumorTypeIDC",-0.888480208432363,NA,NA,0.00130586357127477,0.999347068214363,0.000652931785637412,0.276381471289001,TRUE,"CHD8"
"tumorTypeLUAD",-0.597186903057447,NA,NA,0.0770037881757384,0.961498105912131,0.0385018940878692,0.337710119050571,TRUE,"CHD8"
"tumorTypePAAD",-1.2443045428417,NA,NA,0.0108466969758345,0.994576651512083,0.00542334848791725,0.488422386179151,TRUE,"CHD8"
