"coefName","coef","X2.5..","X97.5..","pVal","upperTailPval","lowerTailPval","Std.error","converged","HGNC"
"(Intercept)",-12.2549199545676,NA,NA,1.25031917015696e-178,1,0,0.430031656277388,TRUE,"CHST11"
"isTarget1",-0.409234649014944,NA,NA,0.605657094400082,0.697171452799959,0.302828547200041,0.792656391482001,TRUE,"CHST11"
"tumorTypeIDC",-1.29750803033453,NA,NA,0.0684086486853367,0.965795675657332,0.0342043243426684,0.712014561595191,TRUE,"CHST11"
"tumorTypeLUAD",-0.44845937353723,NA,NA,0.484574569454106,0.757712715272947,0.242287284727053,0.641605883750165,TRUE,"CHST11"
"tumorTypePAAD",-0.920717695757831,NA,NA,0.268965888289799,0.865517055855101,0.134482944144899,0.832891655012941,TRUE,"CHST11"
