"coefName","coef","X2.5..","X97.5..","pVal","upperTailPval","lowerTailPval","Std.error","converged","HGNC"
"(Intercept)",-13.3092182664785,NA,NA,2.23968006897209e-149,1,0,0.511294090459128,TRUE,"COL2A1"
"isTarget1",-1.14962262648861,NA,NA,0.176311746947262,0.911844126526369,0.0881558734736312,0.850187619023001,TRUE,"COL2A1"
"tumorTypeIDC",0.341561940032323,NA,NA,0.54421129804219,0.272105649021095,0.727894350978905,0.563208792561367,TRUE,"COL2A1"
"tumorTypeLUAD",-0.0651623265059003,NA,NA,0.922890743936377,0.538554628031812,0.461445371968188,0.673212870470208,TRUE,"COL2A1"
"tumorTypePAAD",-0.499196416250032,NA,NA,0.537373860777166,0.731313069611417,0.268686930388583,0.809347050306077,TRUE,"COL2A1"
