"coefName","coef","X2.5..","X97.5..","pVal","upperTailPval","lowerTailPval","Std.error","converged","HGNC"
"(Intercept)",-12.8151325291222,NA,NA,4.9259702010312e-97,1,0,0.613047441849687,TRUE,"CPEB3"
"isTarget1",1.50718687698995,NA,NA,0.0197377674218843,0.00986888371094217,0.990131116289058,0.646501776186875,TRUE,"CPEB3"
"tumorTypeIDC",-0.578123986527878,NA,NA,0.331511566220409,0.834244216889795,0.165755783110205,0.595345101824625,TRUE,"CPEB3"
"tumorTypeLUAD",-0.258776372881999,NA,NA,0.689452227145287,0.655273886427357,0.344726113572643,0.647590876172601,TRUE,"CPEB3"
"tumorTypePAAD",-0.123758390287803,NA,NA,0.85053499111384,0.57473250444308,0.42526749555692,0.656766660108712,TRUE,"CPEB3"
