"coefName","coef","X2.5..","X97.5..","pVal","upperTailPval","lowerTailPval","Std.error","converged","HGNC"
"(Intercept)",-12.5356885637894,NA,NA,0,1,0,0.215604028885126,TRUE,"CREBBP"
"isTarget1",-2.33549685931574,NA,NA,0.023910761365154,0.988044619317423,0.011955380682577,1.03406451156331,TRUE,"CREBBP"
"tumorTypeIDC",-0.0247849708561425,NA,NA,0.927046380809114,0.536476809595443,0.463523190404557,0.270691832198776,TRUE,"CREBBP"
"tumorTypeLUAD",0.15127860644662,NA,NA,0.639879389472548,0.319939694736274,0.680060305263726,0.323336470291294,TRUE,"CREBBP"
"tumorTypePAAD",-0.768034094263802,NA,NA,0.108726625126805,0.945636687436598,0.0543633125634023,0.478841274962865,TRUE,"CREBBP"
