"coefName","coef","X2.5..","X97.5..","pVal","upperTailPval","lowerTailPval","Std.error","converged","HGNC"
"(Intercept)",-12.7576710958583,NA,NA,6.60340552040019e-224,1,0,0.39937958881965,TRUE,"CREB3L1"
"isTarget1",0.493666553804852,NA,NA,0.365008391004495,0.182504195502247,0.817495804497753,0.544968251339459,TRUE,"CREB3L1"
"tumorTypeIDC",-0.101526588407371,NA,NA,0.830363406417602,0.584818296791199,0.415181703208801,0.473901776273761,TRUE,"CREB3L1"
"tumorTypeLUAD",0.892537184033199,NA,NA,0.0770087359985567,0.0385043679992784,0.961495632000722,0.504739613204028,TRUE,"CREB3L1"
"tumorTypePAAD",-0.934479905296328,NA,NA,0.260199290012532,0.869900354993734,0.130099645006266,0.829969911735029,TRUE,"CREB3L1"
