"coefName","coef","X2.5..","X97.5..","pVal","upperTailPval","lowerTailPval","Std.error","converged","HGNC"
"(Intercept)",-12.5316995063634,NA,NA,1.04117994138865e-305,1,0,0.335307035291243,TRUE,"CSF3R"
"isTarget1",-1.07189786319192,NA,NA,0.190352009253711,0.904823995373145,0.0951760046268553,0.818531011404859,TRUE,"CSF3R"
"tumorTypeIDC",0.0459348053857521,NA,NA,0.909199550490583,0.454599775245292,0.545400224754708,0.402766444829869,TRUE,"CSF3R"
"tumorTypeLUAD",-0.160712294453012,NA,NA,0.751721010831989,0.624139494584005,0.375860505415995,0.507986987475139,TRUE,"CSF3R"
"tumorTypePAAD",-1.32955771666381,NA,NA,0.133400297608479,0.933299851195761,0.0667001488042395,0.885883358320494,TRUE,"CSF3R"
