"coefName","coef","X2.5..","X97.5..","pVal","upperTailPval","lowerTailPval","Std.error","converged","HGNC"
"(Intercept)",-12.721883341228,NA,NA,7.11498424015852e-302,1,0,0.34256651662621,TRUE,"CTCF"
"isTarget1",0.614833905805553,NA,NA,0.218353204084867,0.109176602042434,0.890823397957566,0.499491813704981,TRUE,"CTCF"
"tumorTypeIDC",-0.0647961197884138,NA,NA,0.875619484936187,0.562190257531906,0.437809742468094,0.41396749139652,TRUE,"CTCF"
"tumorTypeLUAD",0.25503667517209,NA,NA,0.59019038355638,0.29509519177819,0.70490480822181,0.473552806180225,TRUE,"CTCF"
"tumorTypePAAD",-0.508120125677504,NA,NA,0.413833831405242,0.793083084297379,0.206916915702621,0.621808066430255,TRUE,"CTCF"
