"coefName","coef","X2.5..","X97.5..","pVal","upperTailPval","lowerTailPval","Std.error","converged","HGNC"
"(Intercept)",-12.867427277592,NA,NA,1.16778133167575e-186,1,0,0.441595076170565,TRUE,"DDB2"
"isTarget1",-0.49399841085391,NA,NA,0.528947510846569,0.735526244576715,0.264473755423285,0.784605853081956,TRUE,"DDB2"
"tumorTypeIDC",0.0688353979257036,NA,NA,0.893573144799127,0.446786572399564,0.553213427600436,0.514525243307274,TRUE,"DDB2"
"tumorTypeLUAD",-0.231676816042647,NA,NA,0.720134587807008,0.639932706096496,0.360067293903504,0.646638134715463,TRUE,"DDB2"
"tumorTypePAAD",-0.0997091089389285,NA,NA,0.879469022018239,0.56026548899088,0.43973451100912,0.657528078220233,TRUE,"DDB2"
