"coefName","coef","X2.5..","X97.5..","pVal","upperTailPval","lowerTailPval","Std.error","converged","HGNC"
"(Intercept)",-13.5952517846806,NA,NA,8.40649541055441e-195,1,0,0.456610261892214,TRUE,"DDX10"
"isTarget1",-0.156104454929562,NA,NA,0.801758605849818,0.599120697075091,0.400879302924909,0.621752268469021,TRUE,"DDX10"
"tumorTypeIDC",-0.0764690527753418,NA,NA,0.886075901560122,0.556962049219939,0.443037950780061,0.53373592245599,TRUE,"DDX10"
"tumorTypeLUAD",1.6055476753495,NA,NA,0.00322907267237805,0.00161453633618902,0.998385463663811,0.545169072755345,TRUE,"DDX10"
"tumorTypePAAD",-0.08851625580574,NA,NA,0.893555953245452,0.553222023377274,0.446777976622726,0.661526622793556,TRUE,"DDX10"
