"coefName","coef","X2.5..","X97.5..","pVal","upperTailPval","lowerTailPval","Std.error","converged","HGNC"
"(Intercept)",-12.6915858292465,NA,NA,0,1,0,0.300770451963537,TRUE,"DHX9"
"isTarget1",0.330600422405255,NA,NA,0.47944410831672,0.23972205415836,0.76027794584164,0.467480004555527,TRUE,"DHX9"
"tumorTypeIDC",-0.818748531028818,NA,NA,0.0603432810896377,0.969828359455181,0.0301716405448189,0.435904038891004,TRUE,"DHX9"
"tumorTypeLUAD",0.482039594186735,NA,NA,0.224832755204198,0.112416377602099,0.887583622397901,0.397140045085672,TRUE,"DHX9"
"tumorTypePAAD",-1.80838711187294,NA,NA,0.0626570250139646,0.968671487493018,0.0313285125069823,0.971406378281179,TRUE,"DHX9"
