"coefName","coef","X2.5..","X97.5..","pVal","upperTailPval","lowerTailPval","Std.error","converged","HGNC"
"(Intercept)",-12.7516363854907,NA,NA,0,1,0,0.286708022843749,TRUE,"DICER1"
"isTarget1",-0.0285093749246095,NA,NA,0.947982751778234,0.526008624110883,0.473991375889117,0.436990897197005,TRUE,"DICER1"
"tumorTypeIDC",-0.166911000448889,NA,NA,0.641177978377446,0.679411010811277,0.320588989188723,0.358137824861178,TRUE,"DICER1"
"tumorTypeLUAD",0.155593500638276,NA,NA,0.705199430935554,0.352599715467777,0.647400284532223,0.411284422037532,TRUE,"DICER1"
"tumorTypePAAD",-0.876184937917132,NA,NA,0.164596105418402,0.917701947290799,0.0822980527092012,0.630449275169883,TRUE,"DICER1"
