"coefName","coef","X2.5..","X97.5..","pVal","upperTailPval","lowerTailPval","Std.error","converged","HGNC"
"(Intercept)",-14.0671913356131,NA,NA,1.27366598877245e-98,1,0,0.667396172435973,TRUE,"EED"
"isTarget1",-0.22372543081813,NA,NA,0.789678248056648,0.605160875971676,0.394839124028324,0.838776034720601,TRUE,"EED"
"tumorTypeIDC",0.232936533444493,NA,NA,0.734708511240046,0.367354255620023,0.632645744379977,0.687394296859552,TRUE,"EED"
"tumorTypeLUAD",0.939786542434274,NA,NA,0.244584052877026,0.122292026438513,0.877707973561487,0.807650706505465,TRUE,"EED"
"tumorTypePAAD",-0.245214410852599,NA,NA,0.773209708380163,0.613395145809919,0.386604854190081,0.850910006671124,TRUE,"EED"
