"coefName","coef","X2.5..","X97.5..","pVal","upperTailPval","lowerTailPval","Std.error","converged","HGNC"
"(Intercept)",-13.6187493696342,NA,NA,2.7756097433928e-123,1,0,0.576726436989187,TRUE,"ELK4"
"isTarget1",0.272291946328973,NA,NA,0.709604631272824,0.354802315636412,0.645197684363588,0.731206642037691,TRUE,"ELK4"
"tumorTypeIDC",0.442458894757598,NA,NA,0.476474000807372,0.238237000403686,0.761762999596314,0.621444034181621,TRUE,"ELK4"
"tumorTypeLUAD",0.0937598150475823,NA,NA,0.894864627943705,0.447432313971852,0.552567686028148,0.709488457811191,TRUE,"ELK4"
"tumorTypePAAD",-0.369394130813766,NA,NA,0.653696059807073,0.673151970096463,0.326848029903537,0.823376155893945,TRUE,"ELK4"
