"coefName","coef","X2.5..","X97.5..","pVal","upperTailPval","lowerTailPval","Std.error","converged","HGNC"
"(Intercept)",-12.7376546192681,NA,NA,0,1,0,0.293716719409752,TRUE,"ERC1"
"isTarget1",0.0749679422320612,NA,NA,0.87708058988219,0.438540294941095,0.561459705058905,0.484692531558,TRUE,"ERC1"
"tumorTypeIDC",0.054962137508604,NA,NA,0.877462102812732,0.438731051406366,0.561268948593634,0.356463592424645,TRUE,"ERC1"
"tumorTypeLUAD",-0.185046702814272,NA,NA,0.688819299076299,0.655590350461851,0.344409649538149,0.462087802723039,TRUE,"ERC1"
"tumorTypePAAD",-0.420391291065367,NA,NA,0.433757477095865,0.783121261452067,0.216878738547933,0.537050454092517,TRUE,"ERC1"
