"coefName","coef","X2.5..","X97.5..","pVal","upperTailPval","lowerTailPval","Std.error","converged","HGNC"
"(Intercept)",-12.9707252016223,NA,NA,0,1,0,0.332678109644383,TRUE,"ERCC5"
"isTarget1",-0.1257098554561,NA,NA,0.812278771229474,0.593860614385263,0.406139385614737,0.529332961868801,TRUE,"ERCC5"
"tumorTypeIDC",0.0355984749416999,NA,NA,0.930005446056224,0.465002723028112,0.534997276971888,0.405274262383701,TRUE,"ERCC5"
"tumorTypeLUAD",0.265417774356079,NA,NA,0.574032582277579,0.287016291138789,0.712983708861211,0.472170728210815,TRUE,"ERCC5"
"tumorTypePAAD",0.0760493302176365,NA,NA,0.883442660153354,0.441721330076677,0.558278669923323,0.518731125292397,TRUE,"ERCC5"
