"coefName","coef","X2.5..","X97.5..","pVal","upperTailPval","lowerTailPval","Std.error","converged","HGNC"
"(Intercept)",-13.5280937388934,NA,NA,2.4040342072932e-109,1,0,0.608933884149061,TRUE,"ETNK1"
"isTarget1",0.376491878546842,NA,NA,0.626264194748342,0.313132097374171,0.686867902625829,0.773097074940821,TRUE,"ETNK1"
"tumorTypeIDC",-0.382513419727133,NA,NA,0.578301450011857,0.710849274994071,0.289150725005929,0.688137789370842,TRUE,"ETNK1"
"tumorTypeLUAD",0.100179866613127,NA,NA,0.888621754453772,0.444310877226886,0.555689122773114,0.715323210330857,TRUE,"ETNK1"
"tumorTypePAAD",-0.365309347916106,NA,NA,0.658327964178256,0.670836017910872,0.329163982089128,0.826075271957723,TRUE,"ETNK1"
