"coefName","coef","X2.5..","X97.5..","pVal","upperTailPval","lowerTailPval","Std.error","converged","HGNC"
"(Intercept)",-12.4748429704554,NA,NA,1.14733483531656e-224,1,0,0.389858196410649,TRUE,"ETV6"
"isTarget1",-0.575776540803178,NA,NA,0.460628490108034,0.769685754945983,0.230314245054017,0.780383446053448,TRUE,"ETV6"
"tumorTypeIDC",-0.612200134778451,NA,NA,0.253718484346619,0.87314075782669,0.12685924217331,0.536375898810215,TRUE,"ETV6"
"tumorTypeLUAD",0.111434229785755,NA,NA,0.836473501962466,0.418236750981233,0.581763249018767,0.539877884119576,TRUE,"ETV6"
"tumorTypePAAD",-0.304397172072845,NA,NA,0.630684883547496,0.684657558226252,0.315342441773748,0.633154200867042,TRUE,"ETV6"
