"coefName","coef","X2.5..","X97.5..","pVal","upperTailPval","lowerTailPval","Std.error","converged","HGNC"
"(Intercept)",-12.6144399348019,NA,NA,5.81662536601333e-287,1,0,0.348453078565997,TRUE,"EXT2"
"isTarget1",0.131019207952978,NA,NA,0.815690113360991,0.407845056680496,0.592154943319504,0.562092710038783,TRUE,"EXT2"
"tumorTypeIDC",-0.768649656163102,NA,NA,0.121907346545409,0.939046326727295,0.0609536732727047,0.496923416176418,TRUE,"EXT2"
"tumorTypeLUAD",0.496955387591873,NA,NA,0.277499615597067,0.138749807798533,0.861250192201467,0.457621288099398,TRUE,"EXT2"
"tumorTypePAAD",-1.33533026879401,NA,NA,0.133061091668951,0.933469454165525,0.0665305458344754,0.888952251105621,TRUE,"EXT2"
