"coefName","coef","X2.5..","X97.5..","pVal","upperTailPval","lowerTailPval","Std.error","converged","HGNC"
"(Intercept)",-12.586077966419,NA,NA,5.26814497831164e-177,1,0,0.443698170608793,TRUE,"FAM46C"
"isTarget1",0.589543187525197,NA,NA,0.371391437521946,0.185695718760973,0.814304281239027,0.659540169459161,TRUE,"FAM46C"
"tumorTypeIDC",-0.444102507018043,NA,NA,0.418740963968312,0.790629518015844,0.209370481984156,0.549218899081544,TRUE,"FAM46C"
"tumorTypeLUAD",-0.342898886776526,NA,NA,0.593227640494559,0.70338617975272,0.29661382024728,0.641934845409873,TRUE,"FAM46C"
"tumorTypePAAD",-0.79266717377148,NA,NA,0.332341281269366,0.833829359365317,0.166170640634683,0.817681047531899,TRUE,"FAM46C"
