"coefName","coef","X2.5..","X97.5..","pVal","upperTailPval","lowerTailPval","Std.error","converged","HGNC"
"(Intercept)",-12.7497216496455,NA,NA,0,1,0,0.283673361666468,TRUE,"FANCA"
"isTarget1",0.92731268461716,NA,NA,0.0181772798048202,0.00908863990241011,0.99091136009759,0.392598556293817,TRUE,"FANCA"
"tumorTypeIDC",-0.554514158309386,NA,NA,0.136945317421961,0.931527341289019,0.0684726587109805,0.372841988569447,TRUE,"FANCA"
"tumorTypeLUAD",0.224040094005369,NA,NA,0.559990871333611,0.279995435666806,0.720004564333194,0.384383883548742,TRUE,"FANCA"
"tumorTypePAAD",-2.04026228720957,NA,NA,0.043981890537059,0.97800905473147,0.0219909452685295,1.01290741161419,TRUE,"FANCA"
