"coefName","coef","X2.5..","X97.5..","pVal","upperTailPval","lowerTailPval","Std.error","converged","HGNC"
"(Intercept)",-12.1830340558993,NA,NA,0,1,0,0.317286852627342,TRUE,"FCRL4"
"isTarget1",-0.472188679396626,NA,NA,0.427729203894726,0.786135398052637,0.213864601947363,0.595383346775159,TRUE,"FCRL4"
"tumorTypeIDC",0.0658687132086817,NA,NA,0.864538023840034,0.432269011920017,0.567730988079983,0.386099523058369,TRUE,"FCRL4"
"tumorTypeLUAD",0.571831805538704,NA,NA,0.186807423417209,0.0934037117086045,0.906596288291395,0.433178789029226,TRUE,"FCRL4"
"tumorTypePAAD",-0.26041605515288,NA,NA,0.632556086189246,0.683721956905377,0.316278043094623,0.544652782259194,TRUE,"FCRL4"
