"coefName","coef","X2.5..","X97.5..","pVal","upperTailPval","lowerTailPval","Std.error","converged","HGNC"
"(Intercept)",-14.0119853373355,NA,NA,3.91118287552623e-96,1,0,0.673495847469314,TRUE,"FEN1"
"isTarget1",0.452229232398142,NA,NA,0.571492674378135,0.285746337189068,0.714253662810932,0.799196982720253,TRUE,"FEN1"
"tumorTypeIDC",0.233166600520145,NA,NA,0.734495312021765,0.367247656010882,0.632752343989118,0.687499051054773,TRUE,"FEN1"
"tumorTypeLUAD",0.940061310189139,NA,NA,0.244536386093927,0.122268193046963,0.877731806953037,0.807805217186147,TRUE,"FEN1"
"tumorTypePAAD",-0.245492466159951,NA,NA,0.772997706613389,0.613501146693305,0.386498853306695,0.851056889642018,TRUE,"FEN1"
