"coefName","coef","X2.5..","X97.5..","pVal","upperTailPval","lowerTailPval","Std.error","converged","HGNC"
"(Intercept)",-12.1998211469532,NA,NA,2.56817281950563e-300,1,0,0.329365699034133,TRUE,"FES"
"isTarget1",0.334225801816848,NA,NA,0.484034560969942,0.242017280484971,0.757982719515029,0.477582599474406,TRUE,"FES"
"tumorTypeIDC",-0.586792616127216,NA,NA,0.183364607252413,0.908317696373793,0.0916823036262066,0.441042749522138,TRUE,"FES"
"tumorTypeLUAD",-0.269147012176979,NA,NA,0.590955056816651,0.704522471591675,0.295477528408325,0.500782841536451,TRUE,"FES"
"tumorTypePAAD",-0.66792751488927,NA,NA,0.284920706769161,0.857539646615419,0.142460353384581,0.624622064517225,TRUE,"FES"
