"coefName","coef","X2.5..","X97.5..","pVal","upperTailPval","lowerTailPval","Std.error","converged","HGNC"
"(Intercept)",-12.9671647837273,NA,NA,1.87548576213905e-237,1,0,0.394081057015378,TRUE,"FLCN"
"isTarget1",0.603685668302977,NA,NA,0.283210075921083,0.141605037960541,0.858394962039459,0.562543458774204,TRUE,"FLCN"
"tumorTypeIDC",-0.0305099887155049,NA,NA,0.948302578483826,0.525848710758087,0.474151289241913,0.470553505541128,TRUE,"FLCN"
"tumorTypeLUAD",0.406879399529047,NA,NA,0.443541264903515,0.221770632451757,0.778229367548243,0.531016809306595,TRUE,"FLCN"
"tumorTypePAAD",0.0816343585754271,NA,NA,0.888992906165373,0.444496453082686,0.555503546917314,0.584862767445763,TRUE,"FLCN"
