"coefName","coef","X2.5..","X97.5..","pVal","upperTailPval","lowerTailPval","Std.error","converged","HGNC"
"(Intercept)",-11.5917929692933,NA,NA,0,1,0,0.284262446256773,TRUE,"FLI1"
"isTarget1",-0.0153198158113683,NA,NA,0.977332376605333,0.511333811697333,0.488666188302667,0.539174300719421,TRUE,"FLI1"
"tumorTypeIDC",-1.26952494677979,NA,NA,0.00926948172352982,0.995365259138235,0.00463474086176496,0.487912510555974,TRUE,"FLI1"
"tumorTypeLUAD",-0.0519420264717873,NA,NA,0.901493671353413,0.549253164323293,0.450746835676707,0.419649817375675,TRUE,"FLI1"
"tumorTypePAAD",-0.97258364513107,NA,NA,0.127293942562776,0.936353028718612,0.0636469712813881,0.63781819019392,TRUE,"FLI1"
