"coefName","coef","X2.5..","X97.5..","pVal","upperTailPval","lowerTailPval","Std.error","converged","HGNC"
"(Intercept)",-12.2750201413193,NA,NA,6.27185039154802e-141,1,0,0.485690104847873,TRUE,"FOXA1"
"isTarget1",0.554603038286982,NA,NA,0.345805829290976,0.172902914645488,0.827097085354512,0.588278580410077,TRUE,"FOXA1"
"tumorTypeIDC",-0.574770886316474,NA,NA,0.335815858886512,0.832092070556744,0.167907929443256,0.597186004385731,TRUE,"FOXA1"
"tumorTypeLUAD",0.0773415007053703,NA,NA,0.897815121205063,0.448907560602531,0.551092439397469,0.602245536893298,TRUE,"FOXA1"
"tumorTypePAAD",-0.693362746207607,NA,NA,0.392626014910755,0.803686992544622,0.196313007455378,0.811078861624132,TRUE,"FOXA1"
