"coefName","coef","X2.5..","X97.5..","pVal","upperTailPval","lowerTailPval","Std.error","converged","HGNC"
"(Intercept)",-13.1101853999519,NA,NA,1.63379116036296e-245,1,0,0.39177484227514,TRUE,"GOLGA5"
"isTarget1",0.241164593055974,NA,NA,0.679102065737696,0.339551032868848,0.660448967131152,0.582961446116667,TRUE,"GOLGA5"
"tumorTypeIDC",0.175054916326542,NA,NA,0.701821663868472,0.350910831934236,0.649089168065764,0.457226506543379,TRUE,"GOLGA5"
"tumorTypeLUAD",-0.0972593821589814,NA,NA,0.86448311441351,0.567758442793245,0.432241557206755,0.569867472715939,TRUE,"GOLGA5"
"tumorTypePAAD",-0.269624538093012,NA,NA,0.67082930869434,0.66458534565283,0.33541465434717,0.63439559483064,TRUE,"GOLGA5"
