"coefName","coef","X2.5..","X97.5..","pVal","upperTailPval","lowerTailPval","Std.error","converged","HGNC"
"(Intercept)",-11.7906556199166,NA,NA,0,1,0,0.264318480764742,TRUE,"GPC5"
"isTarget1",-0.279428032492281,NA,NA,0.586707936129104,0.706646031935448,0.293353968064552,0.514020314411332,TRUE,"GPC5"
"tumorTypeIDC",-0.358316625701137,NA,NA,0.309789797144195,0.845105101427903,0.154894898572097,0.352790792454193,TRUE,"GPC5"
"tumorTypeLUAD",0.0460324453240744,NA,NA,0.90820852504927,0.454104262524635,0.545895737475365,0.399245820282321,TRUE,"GPC5"
"tumorTypePAAD",-0.0032738540852932,NA,NA,0.993965912600635,0.503017043699683,0.496982956300317,0.43289607131935,TRUE,"GPC5"
