"coefName","coef","X2.5..","X97.5..","pVal","upperTailPval","lowerTailPval","Std.error","converged","HGNC"
"(Intercept)",-12.0595123314012,NA,NA,0,1,0,0.201226095710877,TRUE,"GRIN2A"
"isTarget1",0.580804723650147,NA,NA,0.0548013677975096,0.0274006838987548,0.972599316101245,0.302431933142737,TRUE,"GRIN2A"
"tumorTypeIDC",-0.22433516817632,NA,NA,0.379903256470671,0.810048371764664,0.189951628235336,0.255485328694857,TRUE,"GRIN2A"
"tumorTypeLUAD",0.280038304915046,NA,NA,0.326561691448142,0.163280845724071,0.836719154275929,0.285443762980801,TRUE,"GRIN2A"
"tumorTypePAAD",-1.30479079491882,NA,NA,0.0184369756736471,0.990781512163176,0.00921848783682355,0.553646139560576,TRUE,"GRIN2A"
