"coefName","coef","X2.5..","X97.5..","pVal","upperTailPval","lowerTailPval","Std.error","converged","HGNC"
"(Intercept)",-12.1760424646097,NA,NA,2.21372295515909e-224,1,0,0.380764467563804,TRUE,"HOXC11"
"isTarget1",-0.123654687921968,NA,NA,0.843511903533799,0.5782440482331,0.4217559517669,0.626406209022174,TRUE,"HOXC11"
"tumorTypeIDC",-0.319724864507008,NA,NA,0.505618818290466,0.747190590854767,0.252809409145233,0.480301702659911,TRUE,"HOXC11"
"tumorTypeLUAD",0.456359545432393,NA,NA,0.367404346129518,0.183702173064759,0.816297826935241,0.506308909353991,TRUE,"HOXC11"
"tumorTypePAAD",-1.01685982927112,NA,NA,0.225838417076576,0.887080791461712,0.112919208538288,0.839582970806535,TRUE,"HOXC11"
