"coefName","coef","X2.5..","X97.5..","pVal","upperTailPval","lowerTailPval","Std.error","converged","HGNC"
"(Intercept)",-12.6244417189691,NA,NA,1.26708574922254e-121,1,0,0.538314338224769,TRUE,"HRAS"
"isTarget1",0.272841817311775,NA,NA,0.70899648197127,0.354498240985635,0.645501759014365,0.731079201654322,TRUE,"HRAS"
"tumorTypeIDC",0.0546941909297923,NA,NA,0.926508722857737,0.463254361428868,0.536745638571132,0.592966278333821,TRUE,"HRAS"
"tumorTypeLUAD",-0.000550899074942382,NA,NA,0.999360028514007,0.500319985742996,0.499680014257004,0.686833443281886,TRUE,"HRAS"
"tumorTypePAAD",-0.443135463309525,NA,NA,0.586188404215008,0.706905797892496,0.293094202107504,0.814036886548883,TRUE,"HRAS"
