"coefName","coef","X2.5..","X97.5..","pVal","upperTailPval","lowerTailPval","Std.error","converged","HGNC"
"(Intercept)",-12.3891960609485,NA,NA,1.27221684195848e-288,1,0,0.341237969504731,TRUE,"HSP90AA1"
"isTarget1",0.919797574497925,NA,NA,0.0575322318232434,0.0287661159116217,0.971233884088378,0.484296355443548,TRUE,"HSP90AA1"
"tumorTypeIDC",-0.193994997390937,NA,NA,0.635573606330077,0.682213196834961,0.317786803165039,0.409361400424857,TRUE,"HSP90AA1"
"tumorTypeLUAD",-0.217697484089155,NA,NA,0.665997704103581,0.667001147948209,0.332998852051791,0.50434100887375,TRUE,"HSP90AA1"
"tumorTypePAAD",-1.42308356484605,NA,NA,0.114899699540182,0.942550150229909,0.0574498497700908,0.902658269203353,TRUE,"HSP90AA1"
