"coefName","coef","X2.5..","X97.5..","pVal","upperTailPval","lowerTailPval","Std.error","converged","HGNC"
"(Intercept)",-12.2228257565762,NA,NA,2.81287727633445e-84,1,0,0.628364233273449,TRUE,"ID3"
"isTarget1",-0.345558846904776,NA,NA,0.66898950820122,0.66550524589939,0.33449475410061,0.808258121954987,TRUE,"ID3"
"tumorTypeIDC",-0.29145355849571,NA,NA,0.674106818186473,0.662946590906764,0.337053409093236,0.693081645595277,TRUE,"ID3"
"tumorTypeLUAD",1.17554071410683,NA,NA,0.120690509069241,0.0603452545346205,0.93965474546538,0.757493718933821,TRUE,"ID3"
"tumorTypePAAD",-0.319649921100028,NA,NA,0.701394026994582,0.649302986502709,0.350697013497291,0.833638790312311,TRUE,"ID3"
