"coefName","coef","X2.5..","X97.5..","pVal","upperTailPval","lowerTailPval","Std.error","converged","HGNC"
"(Intercept)",-13.2680878866421,NA,NA,2.05250166414714e-263,1,0,0.382669827840886,TRUE,"KIF5B"
"isTarget1",-0.298679278214272,NA,NA,0.621401116795719,0.68929944160214,0.31070055839786,0.604778490822909,TRUE,"KIF5B"
"tumorTypeIDC",0.619657924959071,NA,NA,0.15446610730292,0.0772330536514599,0.92276694634854,0.435173765014732,TRUE,"KIF5B"
"tumorTypeLUAD",-0.152275912436045,NA,NA,0.787711216992978,0.606144391503511,0.393855608496489,0.565484641765032,TRUE,"KIF5B"
"tumorTypePAAD",-0.319099849949314,NA,NA,0.613280567575246,0.693359716212377,0.306640283787623,0.631385499552576,TRUE,"KIF5B"
