"coefName","coef","X2.5..","X97.5..","pVal","upperTailPval","lowerTailPval","Std.error","converged","HGNC"
"(Intercept)",-12.4827689135018,NA,NA,2.17314847372492e-141,1,0,0.493093910321264,TRUE,"KRT222"
"isTarget1",0.807716612629304,NA,NA,0.254524413068414,0.127262206534207,0.872737793465793,0.708878624836902,TRUE,"KRT222"
"tumorTypeIDC",-0.492179697079854,NA,NA,0.413210779441253,0.793394610279374,0.206605389720626,0.601498111406687,TRUE,"KRT222"
"tumorTypeLUAD",-0.201496109975895,NA,NA,0.758692215710094,0.620653892144953,0.379346107855047,0.655914818504885,TRUE,"KRT222"
"tumorTypePAAD",-0.634442408819879,NA,NA,0.433405433997509,0.783297283001246,0.216702716998754,0.809880761514203,TRUE,"KRT222"
