"coefName","coef","X2.5..","X97.5..","pVal","upperTailPval","lowerTailPval","Std.error","converged","HGNC"
"(Intercept)",-12.894963323019,NA,NA,1.94897427546281e-271,1,0,0.36632661859066,TRUE,"LARP4B"
"isTarget1",-0.21456770737003,NA,NA,0.726498142446064,0.636750928776968,0.363249071223032,0.61342293845148,TRUE,"LARP4B"
"tumorTypeIDC",0.212054438877283,NA,NA,0.622282054101933,0.311141027050967,0.688858972949033,0.430463667099525,TRUE,"LARP4B"
"tumorTypeLUAD",-0.210394058007142,NA,NA,0.706487686842098,0.646756156578951,0.353243843421049,0.558700705216382,TRUE,"LARP4B"
"tumorTypePAAD",-0.372381848299096,NA,NA,0.552526577149915,0.723736711425043,0.276263288574957,0.626928292930324,TRUE,"LARP4B"
