"coefName","coef","X2.5..","X97.5..","pVal","upperTailPval","lowerTailPval","Std.error","converged","HGNC"
"(Intercept)",-14.0832375698852,NA,NA,6.94937028429198e-67,1,0,0.815120025471598,TRUE,"LASP1"
"isTarget1",-0.111577773293142,NA,NA,0.899982435570519,0.55000878221474,0.44999121778526,0.887767623490224,TRUE,"LASP1"
"tumorTypeIDC",0.0933010107133497,NA,NA,0.90222357348249,0.451111786741245,0.548888213258755,0.759452981960927,TRUE,"LASP1"
"tumorTypeLUAD",0.516221877336862,NA,NA,0.548318498494911,0.274159249247455,0.725840750752545,0.859966011122945,TRUE,"LASP1"
"tumorTypePAAD",-0.157114601011638,NA,NA,0.858934872300844,0.570532563849578,0.429467436150422,0.884006248605894,TRUE,"LASP1"
