"coefName","coef","X2.5..","X97.5..","pVal","upperTailPval","lowerTailPval","Std.error","converged","HGNC"
"(Intercept)",-13.2919171925634,NA,NA,1.64197257085435e-167,1,0,0.481837063432803,TRUE,"LCK"
"isTarget1",-0.552004966295764,NA,NA,0.480496691224965,0.759751654387518,0.240248345612482,0.78242650112813,TRUE,"LCK"
"tumorTypeIDC",0.098208029128298,NA,NA,0.858623200665951,0.429311600332976,0.570688399667024,0.551336983151898,TRUE,"LCK"
"tumorTypeLUAD",1.171373311892,NA,NA,0.0544512504205195,0.0272256252102598,0.97277437478974,0.609065840376017,TRUE,"LCK"
"tumorTypePAAD",0.0172019868965515,NA,NA,0.979846077797718,0.489923038898859,0.510076961101141,0.680946365847285,TRUE,"LCK"
