"coefName","coef","X2.5..","X97.5..","pVal","upperTailPval","lowerTailPval","Std.error","converged","HGNC"
"(Intercept)",-13.0766018195231,NA,NA,4.38586668045427e-183,1,0,0.453183274495186,TRUE,"MEN1"
"isTarget1",0.196995250443546,NA,NA,0.732988775235702,0.366494387617851,0.633505612382149,0.577440431476223,TRUE,"MEN1"
"tumorTypeIDC",0.598031238199177,NA,NA,0.237678735632161,0.118839367816081,0.881160632183919,0.506459047097785,TRUE,"MEN1"
"tumorTypeLUAD",0.397847485544087,NA,NA,0.499279118245734,0.249639559122867,0.750360440877133,0.588858928150754,TRUE,"MEN1"
"tumorTypePAAD",-0.662780650644961,NA,NA,0.412123290934398,0.793938354532801,0.206061645467199,0.808108621794039,TRUE,"MEN1"
