"coefName","coef","X2.5..","X97.5..","pVal","upperTailPval","lowerTailPval","Std.error","converged","HGNC"
"(Intercept)",-13.0203814859438,NA,NA,0,1,0,0.291964845357718,TRUE,"MGA"
"isTarget1",0.540733127535058,NA,NA,0.177640914650572,0.0888204573252862,0.911179542674714,0.401121173427604,TRUE,"MGA"
"tumorTypeIDC",-0.497617067846487,NA,NA,0.186046956025107,0.906976521987446,0.0930234780125537,0.376308680061522,TRUE,"MGA"
"tumorTypeLUAD",-0.195987408028362,NA,NA,0.651528656701967,0.674235671649016,0.325764328350984,0.433946491450751,TRUE,"MGA"
"tumorTypePAAD",-1.96089203928103,NA,NA,0.0495418018944955,0.975229099052752,0.0247709009472478,0.998468864825748,TRUE,"MGA"
