"coefName","coef","X2.5..","X97.5..","pVal","upperTailPval","lowerTailPval","Std.error","converged","HGNC"
"(Intercept)",-12.6970958970471,NA,NA,5.02799087626395e-141,1,0,0.502217024436781,TRUE,"MGMT"
"isTarget1",0.683610386220413,NA,NA,0.315706082935025,0.157853041467512,0.842146958532488,0.68134773763465,TRUE,"MGMT"
"tumorTypeIDC",-0.0920257298897565,NA,NA,0.871700897322876,0.564149551338562,0.435850448661438,0.56982452224357,TRUE,"MGMT"
"tumorTypeLUAD",0.605379659634491,NA,NA,0.336452388050726,0.168226194025363,0.831773805974637,0.629817547227578,TRUE,"MGMT"
"tumorTypePAAD",-0.529650216102045,NA,NA,0.512172091584987,0.743913954207506,0.256086045792494,0.808059672850142,TRUE,"MGMT"
