"coefName","coef","X2.5..","X97.5..","pVal","upperTailPval","lowerTailPval","Std.error","converged","HGNC"
"(Intercept)",-13.3151195231375,NA,NA,5.14986209793271e-195,1,0,0.446955019775288,TRUE,"MLLT6"
"isTarget1",0.428756785724804,NA,NA,0.435179204419662,0.217589602209831,0.782410397790169,0.549434839871084,TRUE,"MLLT6"
"tumorTypeIDC",0.287343808080364,NA,NA,0.563660901600092,0.281830450800046,0.718169549199954,0.497640524461065,TRUE,"MLLT6"
"tumorTypeLUAD",0.0608501083565075,NA,NA,0.918517121858577,0.459258560929288,0.540741439070712,0.594809717854939,TRUE,"MLLT6"
"tumorTypePAAD",-0.709621303153335,NA,NA,0.380838089074924,0.809580955462538,0.190419044537462,0.809743558163536,TRUE,"MLLT6"
