"coefName","coef","X2.5..","X97.5..","pVal","upperTailPval","lowerTailPval","Std.error","converged","HGNC"
"(Intercept)",-13.1848838178691,NA,NA,2.0608286536468e-194,1,0,0.443275726910017,TRUE,"MPL"
"isTarget1",0.601712463920456,NA,NA,0.284600838900587,0.142300419450293,0.857699580549707,0.562326532164515,TRUE,"MPL"
"tumorTypeIDC",0.664951722587076,NA,NA,0.178583369547956,0.0892916847739779,0.910708315226022,0.494340246223177,TRUE,"MPL"
"tumorTypeLUAD",0.083748267914679,NA,NA,0.888573622361517,0.444286811180759,0.555713188819241,0.597735197192876,TRUE,"MPL"
"tumorTypePAAD",-0.11605266258272,NA,NA,0.859381870984204,0.570309064507898,0.429690935492102,0.65506863576823,TRUE,"MPL"
