"coefName","coef","X2.5..","X97.5..","pVal","upperTailPval","lowerTailPval","Std.error","converged","HGNC"
"(Intercept)",-12.5490425644068,NA,NA,1.79713417370179e-250,1,0,0.371243270109233,TRUE,"MUC1"
"isTarget1",1.49054874442213,NA,NA,0.00101388473071981,0.000506942365359907,0.99949305763464,0.453516772852489,TRUE,"MUC1"
"tumorTypeIDC",0.0499347641054092,NA,NA,0.904217773950927,0.452108886975464,0.547891113024536,0.414964566993988,TRUE,"MUC1"
"tumorTypeLUAD",0.103441816496749,NA,NA,0.833654882181087,0.416827441090544,0.583172558909456,0.492541640618135,TRUE,"MUC1"
"tumorTypePAAD",-1.22759481663432,NA,NA,0.158278545106282,0.920860727446859,0.0791392725531411,0.870088542792661,TRUE,"MUC1"
