"coefName","coef","X2.5..","X97.5..","pVal","upperTailPval","lowerTailPval","Std.error","converged","HGNC"
"(Intercept)",-13.108049585641,NA,NA,3.95883332789184e-296,1,0,0.356397652350928,TRUE,"MUC6"
"isTarget1",0.185424239896216,NA,NA,0.670686097249375,0.335343048624688,0.664656951375312,0.436080376495675,TRUE,"MUC6"
"tumorTypeIDC",-0.376173994608423,NA,NA,0.401777227529577,0.799111386235211,0.200888613764789,0.448653304208409,TRUE,"MUC6"
"tumorTypeLUAD",0.575849706779882,NA,NA,0.211095288836652,0.105547644418326,0.894452355581674,0.460473712252003,TRUE,"MUC6"
"tumorTypePAAD",-0.497761504618345,NA,NA,0.424412452793995,0.787793773603002,0.212206226396998,0.623144740191481,TRUE,"MUC6"
