"coefName","coef","X2.5..","X97.5..","pVal","upperTailPval","lowerTailPval","Std.error","converged","HGNC"
"(Intercept)",-12.1256801493,NA,NA,0,1,0,0.209024473371935,TRUE,"MYH11"
"isTarget1",0.221385443368809,NA,NA,0.484013894693393,0.242006947346697,0.757993052653303,0.316327573127073,TRUE,"MYH11"
"tumorTypeIDC",-0.00691050608125228,NA,NA,0.978295210778988,0.510852394610506,0.489147605389494,0.254004124556034,TRUE,"MYH11"
"tumorTypeLUAD",-0.405752020882978,NA,NA,0.256627945865939,0.87168602706703,0.12831397293297,0.357680711557514,TRUE,"MYH11"
"tumorTypePAAD",-1.69946216575241,NA,NA,0.0129718000365337,0.993514099981733,0.00648590001826688,0.684014108446318,TRUE,"MYH11"
