"coefName","coef","X2.5..","X97.5..","pVal","upperTailPval","lowerTailPval","Std.error","converged","HGNC"
"(Intercept)",-13.2501597904419,NA,NA,0,1,0,0.293814349791423,TRUE,"MYO5A"
"isTarget1",0.00913975123464052,NA,NA,0.984730546156464,0.492365273078232,0.507634726921768,0.477556126842638,TRUE,"MYO5A"
"tumorTypeIDC",0.00363088547993186,NA,NA,0.991961733749264,0.495980866874632,0.504019133125368,0.36039842045162,TRUE,"MYO5A"
"tumorTypeLUAD",0.483150758032806,NA,NA,0.232704595937847,0.116352297968924,0.883647702031076,0.404845248625787,TRUE,"MYO5A"
"tumorTypePAAD",-0.412306001976846,NA,NA,0.442758547764072,0.778620726117964,0.221379273882036,0.537176198044195,TRUE,"MYO5A"
