"coefName","coef","X2.5..","X97.5..","pVal","upperTailPval","lowerTailPval","Std.error","converged","HGNC"
"(Intercept)",-12.7536944040371,NA,NA,1.90249086209734e-225,1,0,0.397875784121457,TRUE,"NAB2"
"isTarget1",-0.698308163252424,NA,NA,0.371839906466475,0.814080046766762,0.185919953233238,0.781951793149222,TRUE,"NAB2"
"tumorTypeIDC",0.256372744256833,NA,NA,0.582136212955121,0.291068106477561,0.708931893522439,0.465906034140662,TRUE,"NAB2"
"tumorTypeLUAD",0.218488448399164,NA,NA,0.692274087609921,0.34613704380496,0.65386295619504,0.552057969516144,TRUE,"NAB2"
"tumorTypePAAD",-0.219640992985391,NA,NA,0.731049696805135,0.634475151597433,0.365524848402567,0.638993656796177,TRUE,"NAB2"
