"coefName","coef","X2.5..","X97.5..","pVal","upperTailPval","lowerTailPval","Std.error","converged","HGNC"
"(Intercept)",-13.8884475151275,NA,NA,5.24125102261549e-64,1,0,0.822239799699372,TRUE,"NACA"
"isTarget1",0.865449277198755,NA,NA,0.37061992444145,0.185309962220725,0.814690037779275,0.966644642882805,TRUE,"NACA"
"tumorTypeIDC",0.0167023998457423,NA,NA,0.982226410666025,0.491113205333013,0.508886794666987,0.749735153201302,TRUE,"NACA"
"tumorTypeLUAD",-0.236484866558046,NA,NA,0.78365171450641,0.608174142746795,0.391825857253205,0.861312526254677,TRUE,"NACA"
"tumorTypePAAD",-0.185340875562511,NA,NA,0.832116330592162,0.583941834703919,0.416058165296081,0.874298554877206,TRUE,"NACA"
