"coefName","coef","X2.5..","X97.5..","pVal","upperTailPval","lowerTailPval","Std.error","converged","HGNC"
"(Intercept)",-11.6851546433994,NA,NA,0,1,0,0.23377322035796,TRUE,"NBEA"
"isTarget1",0.490996284572813,NA,NA,0.228181321675146,0.114090660837573,0.885909339162427,0.407446543534469,TRUE,"NBEA"
"tumorTypeIDC",-0.875297958451411,NA,NA,0.011575439541678,0.994212280229161,0.00578771977083903,0.346676049956243,TRUE,"NBEA"
"tumorTypeLUAD",-0.334104445754803,NA,NA,0.379175350181361,0.81041232490932,0.18958767509068,0.379915942535831,TRUE,"NBEA"
"tumorTypePAAD",-1.47373351385534,NA,NA,0.0277378473722628,0.986131076313869,0.0138689236861315,0.669582353861124,TRUE,"NBEA"
