"coefName","coef","X2.5..","X97.5..","pVal","upperTailPval","lowerTailPval","Std.error","converged","HGNC"
"(Intercept)",-13.3180244484344,NA,NA,0,1,0,0.270028550601577,TRUE,"NCOR1"
"isTarget1",0.244346209656542,NA,NA,0.558028127801176,0.279014063900588,0.720985936099412,0.417134701396314,TRUE,"NCOR1"
"tumorTypeIDC",-0.0222603254455363,NA,NA,0.946694948934878,0.526652525532561,0.473347474467439,0.332950565749856,TRUE,"NCOR1"
"tumorTypeLUAD",0.475247086942328,NA,NA,0.202429221589141,0.10121461079457,0.89878538920543,0.37284191657237,TRUE,"NCOR1"
"tumorTypePAAD",-0.329434903828463,NA,NA,0.496540673096669,0.751729663451665,0.248270336548334,0.484503841600591,TRUE,"NCOR1"
