"coefName","coef","X2.5..","X97.5..","pVal","upperTailPval","lowerTailPval","Std.error","converged","HGNC"
"(Intercept)",-12.8212083216152,NA,NA,0,1,0,0.267333063499326,TRUE,"NIN"
"isTarget1",0.176495162119187,NA,NA,0.670984459419791,0.335492229709895,0.664507770290105,0.415480912203007,TRUE,"NIN"
"tumorTypeIDC",-0.0437132881047828,NA,NA,0.892673931841264,0.553663034079368,0.446336965920632,0.323990502489842,TRUE,"NIN"
"tumorTypeLUAD",-0.453190043591739,NA,NA,0.316349327979251,0.841825336010375,0.158174663989625,0.45229083268048,TRUE,"NIN"
"tumorTypePAAD",-2.11613904775202,NA,NA,0.0391664316931146,0.980416784153443,0.0195832158465573,1.02603962649387,TRUE,"NIN"
