"coefName","coef","X2.5..","X97.5..","pVal","upperTailPval","lowerTailPval","Std.error","converged","HGNC"
"(Intercept)",-12.0561234081613,NA,NA,6.71757468854849e-133,1,0,0.491443026894161,TRUE,"NRAS"
"isTarget1",0.273520583903399,NA,NA,0.708186765624931,0.354093382812466,0.645906617187535,0.73076707974385,TRUE,"NRAS"
"tumorTypeIDC",-1.94745237019401,NA,NA,0.0603995403126525,0.969800229843674,0.0301997701563263,1.03705625753405,TRUE,"NRAS"
"tumorTypeLUAD",0.0749448926877956,NA,NA,0.902317260606018,0.451158630303009,0.548841369696991,0.610625609670377,TRUE,"NRAS"
"tumorTypePAAD",-0.697199023964609,NA,NA,0.392528608448823,0.803735695775589,0.196264304224411,0.815398626318861,TRUE,"NRAS"
