"coefName","coef","X2.5..","X97.5..","pVal","upperTailPval","lowerTailPval","Std.error","converged","HGNC"
"(Intercept)",-13.1354575504061,NA,NA,0,1,0,0.337270103372843,TRUE,"NUP133"
"isTarget1",0.813522202537333,NA,NA,0.0611149984184863,0.0305574992092432,0.969442500790757,0.434420074328503,TRUE,"NUP133"
"tumorTypeIDC",0.218985869887775,NA,NA,0.572433751570169,0.286216875785084,0.713783124214916,0.387948962204431,TRUE,"NUP133"
"tumorTypeLUAD",0.586801029719609,NA,NA,0.18282809951126,0.0914140497556301,0.90858595024437,0.440509016553012,TRUE,"NUP133"
"tumorTypePAAD",-1.38652958583495,NA,NA,0.121907553906729,0.939046223046636,0.0609537769533643,0.896376386604263,TRUE,"NUP133"
