"coefName","coef","X2.5..","X97.5..","pVal","upperTailPval","lowerTailPval","Std.error","converged","HGNC"
"(Intercept)",-13.0090206156478,NA,NA,0,1,0,0.288184672988808,TRUE,"NUP98"
"isTarget1",0.0784011993268235,NA,NA,0.872080529891927,0.436040264945963,0.563959735054037,0.486914549024034,TRUE,"NUP98"
"tumorTypeIDC",-0.319288387699907,NA,NA,0.389781872591009,0.805109063704495,0.194890936295505,0.371259951986619,TRUE,"NUP98"
"tumorTypeLUAD",-0.27269420120935,NA,NA,0.552341462568834,0.723829268715583,0.276170731284417,0.458884025297756,TRUE,"NUP98"
"tumorTypePAAD",-0.884657881087292,NA,NA,0.161349056341186,0.919325471829407,0.0806745281705928,0.631650902881189,TRUE,"NUP98"
