"coefName","coef","X2.5..","X97.5..","pVal","upperTailPval","lowerTailPval","Std.error","converged","HGNC"
"(Intercept)",-13.4584913472007,NA,NA,1.45994176459143e-229,1,0,0.416047817103058,TRUE,"NUTM1"
"isTarget1",0.144595415521258,NA,NA,0.799057978607847,0.399528989303923,0.600471010696077,0.56800657920553,TRUE,"NUTM1"
"tumorTypeIDC",0.160679373632714,NA,NA,0.737558545537041,0.368779272768521,0.631220727231479,0.479513657415577,TRUE,"NUTM1"
"tumorTypeLUAD",0.69304797122279,NA,NA,0.199058109504546,0.0995290547522729,0.900470945247727,0.539656256205859,TRUE,"NUTM1"
"tumorTypePAAD",-0.806872639617886,NA,NA,0.322946498504331,0.838526750747835,0.161473249252165,0.816324850943645,TRUE,"NUTM1"
