"coefName","coef","X2.5..","X97.5..","pVal","upperTailPval","lowerTailPval","Std.error","converged","HGNC"
"(Intercept)",-12.9931377999647,NA,NA,0,1,0,0.251135416605692,TRUE,"PDE4DIP"
"isTarget1",0.876187462586667,NA,NA,0.0110361144481482,0.00551805722407413,0.994481942775926,0.344744881567454,TRUE,"PDE4DIP"
"tumorTypeIDC",-0.0823087762976578,NA,NA,0.787463416687095,0.606268291656452,0.393731708343548,0.305292869256143,TRUE,"PDE4DIP"
"tumorTypeLUAD",0.228773589707108,NA,NA,0.517001595263587,0.258500797631794,0.741499202368206,0.353059684606267,TRUE,"PDE4DIP"
"tumorTypePAAD",-1.2411761797206,NA,NA,0.0572286906926982,0.971385654653651,0.0286143453463491,0.652714679503376,TRUE,"PDE4DIP"
