"coefName","coef","X2.5..","X97.5..","pVal","upperTailPval","lowerTailPval","Std.error","converged","HGNC"
"(Intercept)",-12.9848315722174,NA,NA,1.09055520235292e-269,1,0,0.37008264968359,TRUE,"PER1"
"isTarget1",-0.445581305739976,NA,NA,0.460151033520362,0.769924483239819,0.230075516760181,0.603279728524301,TRUE,"PER1"
"tumorTypeIDC",0.136346755728959,NA,NA,0.754679256463095,0.377339628231548,0.622660371768452,0.436343968700218,TRUE,"PER1"
"tumorTypeLUAD",-0.198076340468627,NA,NA,0.723402682798138,0.638298658600931,0.361701341399069,0.559672275205108,TRUE,"PER1"
"tumorTypePAAD",-0.360934561484311,NA,NA,0.565161873403449,0.717419063298276,0.282580936701724,0.627503428261353,TRUE,"PER1"
