"coefName","coef","X2.5..","X97.5..","pVal","upperTailPval","lowerTailPval","Std.error","converged","HGNC"
"(Intercept)",-14.2721931005836,NA,NA,7.44224545896934e-125,1,0,0.600520564717084,TRUE,"PICALM"
"isTarget1",0.350844987869786,NA,NA,0.644341819436717,0.322170909718359,0.677829090281642,0.760002253973821,TRUE,"PICALM"
"tumorTypeIDC",0.350862761136307,NA,NA,0.585284302810864,0.292642151405432,0.707357848594568,0.6429798539611,TRUE,"PICALM"
"tumorTypeLUAD",0.178549297842981,NA,NA,0.807059114857464,0.403529557428732,0.596470442571268,0.731095113312934,TRUE,"PICALM"
"tumorTypePAAD",0.288683980689359,NA,NA,0.70403103577167,0.352015517885835,0.647984482114165,0.759925345970154,TRUE,"PICALM"
