"coefName","coef","X2.5..","X97.5..","pVal","upperTailPval","lowerTailPval","Std.error","converged","HGNC"
"(Intercept)",-13.9695894689576,NA,NA,1.21966370087899e-37,1,0,1.08942068105881,TRUE,"PML"
"isTarget1",-0.0457653332073826,NA,NA,0.96063608308339,0.519681958458305,0.480318041541695,0.927261209430084,TRUE,"PML"
"tumorTypeIDC",0.397112335699993,NA,NA,0.650652210034426,0.325326105017213,0.674673894982787,0.876905816396924,TRUE,"PML"
"tumorTypeLUAD",-0.104032159126952,NA,NA,0.909317788501877,0.545341105749062,0.454658894250938,0.91337130891003,TRUE,"PML"
"tumorTypePAAD",-0.0773004167480463,NA,NA,0.933452347035449,0.533273826482275,0.466726173517725,0.925730761069433,TRUE,"PML"
