"coefName","coef","X2.5..","X97.5..","pVal","upperTailPval","lowerTailPval","Std.error","converged","HGNC"
"(Intercept)",-12.6912540017436,NA,NA,0,1,0,0.310724158434018,TRUE,"POLE"
"isTarget1",-0.721071681618503,NA,NA,0.165727117574979,0.91713644121251,0.0828635587874896,0.52022941615196,TRUE,"POLE"
"tumorTypeIDC",0.250657080083211,NA,NA,0.48722960767199,0.243614803835995,0.756385196164005,0.360802047617267,TRUE,"POLE"
"tumorTypeLUAD",-0.60518701182336,NA,NA,0.267916995432434,0.866041502283783,0.133958497716217,0.546260651144612,TRUE,"POLE"
"tumorTypePAAD",-1.64190312241803,NA,NA,0.0809055263688325,0.959547236815584,0.0404527631844163,0.940672883917596,TRUE,"POLE"
