"coefName","coef","X2.5..","X97.5..","pVal","upperTailPval","lowerTailPval","Std.error","converged","HGNC"
"(Intercept)",-13.4851889873571,NA,NA,2.13053342435855e-203,1,0,0.443138331700389,TRUE,"POLG"
"isTarget1",-0.10813968127126,NA,NA,0.840037874055889,0.579981062972056,0.420018937027944,0.535755966644551,TRUE,"POLG"
"tumorTypeIDC",0.909032643968577,NA,NA,0.0640972201888426,0.0320486100944213,0.967951389905579,0.490970110487761,TRUE,"POLG"
"tumorTypeLUAD",-0.265486740338143,NA,NA,0.680650261623529,0.659674869188235,0.340325130811765,0.645049205949735,TRUE,"POLG"
"tumorTypePAAD",0.222750072919152,NA,NA,0.71768535549963,0.358842677749815,0.641157322250185,0.616090768395033,TRUE,"POLG"
