"coefName","coef","X2.5..","X97.5..","pVal","upperTailPval","lowerTailPval","Std.error","converged","HGNC"
"(Intercept)",-12.3126156252435,NA,NA,2.40178814562076e-146,1,0,0.477948107554494,TRUE,"POU2AF1"
"isTarget1",0.0407982336035412,NA,NA,0.951138283801256,0.475569141900628,0.524430858099372,0.665795695051489,TRUE,"POU2AF1"
"tumorTypeIDC",-0.132958595251931,NA,NA,0.812720398849809,0.593639800575095,0.406360199424905,0.561200881490328,TRUE,"POU2AF1"
"tumorTypeLUAD",-0.124751249175642,NA,NA,0.850230938479553,0.574884530760223,0.425115469239777,0.660675543591296,TRUE,"POU2AF1"
"tumorTypePAAD",0.392612479801348,NA,NA,0.546617804939076,0.273308902469538,0.726691097530462,0.651275785304448,TRUE,"POU2AF1"
