"coefName","coef","X2.5..","X97.5..","pVal","upperTailPval","lowerTailPval","Std.error","converged","HGNC"
"(Intercept)",-13.1243734847556,NA,NA,4.29644363610509e-156,1,0,0.493079317497601,TRUE,"PRCC"
"isTarget1",-0.384277700592577,NA,NA,0.630183835812444,0.684908082093778,0.315091917906222,0.798137381389756,TRUE,"PRCC"
"tumorTypeIDC",-0.137236246336474,NA,NA,0.80962893406887,0.595185532965565,0.404814467034435,0.569670135400246,TRUE,"PRCC"
"tumorTypeLUAD",-0.702706083733743,NA,NA,0.389743614915918,0.805128192542041,0.194871807457959,0.817021802676599,TRUE,"PRCC"
"tumorTypePAAD",-0.00513338726652365,NA,NA,0.993966965138607,0.503016517430696,0.496983482569304,0.67889735589887,TRUE,"PRCC"
