"coefName","coef","X2.5..","X97.5..","pVal","upperTailPval","lowerTailPval","Std.error","converged","HGNC"
"(Intercept)",-12.3039433428757,NA,NA,0,1,0,0.294558277153448,TRUE,"PRKCB"
"isTarget1",0.226763262822826,NA,NA,0.616801921198667,0.308400960599334,0.691599039400666,0.45317488759729,TRUE,"PRKCB"
"tumorTypeIDC",0.129476685926175,NA,NA,0.714455830126667,0.357227915063333,0.642772084936667,0.353879029727526,TRUE,"PRKCB"
"tumorTypeLUAD",0.257781174089155,NA,NA,0.539064967648877,0.269532483824439,0.730467516175561,0.41968350703908,TRUE,"PRKCB"
"tumorTypePAAD",-0.407742937956196,NA,NA,0.44771294300143,0.776143528499285,0.223856471500715,0.537045567420133,TRUE,"PRKCB"
