"coefName","coef","X2.5..","X97.5..","pVal","upperTailPval","lowerTailPval","Std.error","converged","HGNC"
"(Intercept)",-12.9364912217664,NA,NA,4.27011437298405e-244,1,0,0.387714804329042,TRUE,"PTPN6"
"isTarget1",-0.12334150502914,NA,NA,0.843979032621078,0.578010483689461,0.421989516310539,0.626714868227874,TRUE,"PTPN6"
"tumorTypeIDC",-0.0305773515205784,NA,NA,0.948185962324804,0.525907018837598,0.474092981162402,0.470529549570976,TRUE,"PTPN6"
"tumorTypeLUAD",0.406876749658545,NA,NA,0.443516779180919,0.221758389590459,0.778241610409541,0.530984828157391,TRUE,"PTPN6"
"tumorTypePAAD",0.0817257531944624,NA,NA,0.888861815365108,0.444430907682554,0.555569092317446,0.584822416152562,TRUE,"PTPN6"
