"coefName","coef","X2.5..","X97.5..","pVal","upperTailPval","lowerTailPval","Std.error","converged","HGNC"
"(Intercept)",-12.7577602342233,NA,NA,0,1,0,0.335236480667764,TRUE,"RB1"
"isTarget1",0.166008739488383,NA,NA,0.770195646602011,0.385097823301005,0.614902176698995,0.568291498863943,TRUE,"RB1"
"tumorTypeIDC",-0.559360548855405,NA,NA,0.210771401824553,0.894614299087723,0.105385700912277,0.446970989191023,TRUE,"RB1"
"tumorTypeLUAD",-0.492087011443721,NA,NA,0.370457804293219,0.814771097853391,0.185228902146609,0.549439632652711,TRUE,"RB1"
"tumorTypePAAD",-1.47033752556387,NA,NA,0.106852495050916,0.946573752474542,0.0534262475254581,0.911835443970093,TRUE,"RB1"
