"coefName","coef","X2.5..","X97.5..","pVal","upperTailPval","lowerTailPval","Std.error","converged","HGNC"
"(Intercept)",-13.7453051347534,NA,NA,1.59754652534521e-166,1,0,0.499767005211658,TRUE,"RFWD3"
"isTarget1",0.0168535198521424,NA,NA,0.979477858495891,0.489738929247945,0.510261070752055,0.655179208860972,TRUE,"RFWD3"
"tumorTypeIDC",0.703546915093015,NA,NA,0.202482207412454,0.101241103706227,0.898758896293773,0.552013008230079,TRUE,"RFWD3"
"tumorTypeLUAD",-0.112607548769037,NA,NA,0.86588662391489,0.567056688042555,0.432943311957445,0.666768196790472,TRUE,"RFWD3"
"tumorTypePAAD",-0.544628351229912,NA,NA,0.500806471072747,0.749596764463627,0.250403235536373,0.808988513664663,TRUE,"RFWD3"
