"coefName","coef","X2.5..","X97.5..","pVal","upperTailPval","lowerTailPval","Std.error","converged","HGNC"
"(Intercept)",-13.0165935114335,NA,NA,3.78838745226976e-284,1,0,0.361351412820093,TRUE,"RNF111"
"isTarget1",0.318035999068448,NA,NA,0.540009189895737,0.270004594947869,0.729995405052131,0.518989016288319,TRUE,"RNF111"
"tumorTypeIDC",0.255009236747484,NA,NA,0.539564506562611,0.269782253281306,0.730217746718695,0.415682169888575,TRUE,"RNF111"
"tumorTypeLUAD",-0.299869644484157,NA,NA,0.588821400116638,0.705589299941681,0.294410700058319,0.554754509683527,TRUE,"RNF111"
"tumorTypePAAD",-1.17691317582221,NA,NA,0.172469074369107,0.913765462815446,0.0862345371845535,0.862641615962405,TRUE,"RNF111"
