"coefName","coef","X2.5..","X97.5..","pVal","upperTailPval","lowerTailPval","Std.error","converged","HGNC"
"(Intercept)",-13.5405445652191,NA,NA,3.81767354431519e-102,1,0,0.631015752406359,TRUE,"RPL5"
"isTarget1",0.350390706559195,NA,NA,0.64464498529807,0.322322492649035,0.677677507350965,0.759713729450841,TRUE,"RPL5"
"tumorTypeIDC",0.430834058949174,NA,NA,0.51770815052369,0.258854075261845,0.741145924738155,0.666016195172953,TRUE,"RPL5"
"tumorTypeLUAD",0.78653791172337,NA,NA,0.304678753502765,0.152339376751382,0.847660623248618,0.766268853545879,TRUE,"RPL5"
"tumorTypePAAD",-0.284431805845292,NA,NA,0.734912273940906,0.632543863029547,0.367456136970453,0.84002697610869,TRUE,"RPL5"
