"coefName","coef","X2.5..","X97.5..","pVal","upperTailPval","lowerTailPval","Std.error","converged","HGNC"
"(Intercept)",-13.6087932544262,NA,NA,1.65695248507163e-39,1,0,1.03473052996935,TRUE,"RRAS2"
"isTarget1",-0.0444037331123339,NA,NA,0.961810377778915,0.519094811110543,0.480905188889457,0.927359785313371,TRUE,"RRAS2"
"tumorTypeIDC",-0.369111400256745,NA,NA,0.67385244127911,0.663073779360445,0.336926220639555,0.877026912776391,TRUE,"RRAS2"
"tumorTypeLUAD",-0.149945720346773,NA,NA,0.866944094638795,0.566527952680603,0.433472047319397,0.894977254978062,TRUE,"RRAS2"
"tumorTypePAAD",-0.11437710231278,NA,NA,0.899687051968405,0.550156474015798,0.449843525984202,0.907346561579778,TRUE,"RRAS2"
