"coefName","coef","X2.5..","X97.5..","pVal","upperTailPval","lowerTailPval","Std.error","converged","HGNC"
"(Intercept)",-13.1982466675201,NA,NA,2.6564835682028e-102,1,0,0.614581219757098,TRUE,"SDHB"
"isTarget1",0.452679458057143,NA,NA,0.570888051992066,0.285444025996033,0.714555974003967,0.798736952576429,TRUE,"SDHB"
"tumorTypeIDC",-1.17216796514576,NA,NA,0.199769934231737,0.900115032884132,0.0998849671158684,0.914179758840226,TRUE,"SDHB"
"tumorTypeLUAD",0.488489102506443,NA,NA,0.488410141289296,0.244205070644648,0.755794929355352,0.705053545765034,TRUE,"SDHB"
"tumorTypePAAD",-0.398584500564538,NA,NA,0.628535241143347,0.685732379428327,0.314267620571673,0.823879951568317,TRUE,"SDHB"
