"coefName","coef","X2.5..","X97.5..","pVal","upperTailPval","lowerTailPval","Std.error","converged","HGNC"
"(Intercept)",-12.491952989598,NA,NA,2.04775024736516e-88,1,0,0.626653298580111,TRUE,"SFPQ"
"isTarget1",-0.815574008091783,NA,NA,0.208698068753308,0.895650965623346,0.104349034376654,0.648746575647526,TRUE,"SFPQ"
"tumorTypeIDC",0.789069753875696,NA,NA,0.232850268668774,0.116425134334387,0.883574865665613,0.661389346137209,TRUE,"SFPQ"
"tumorTypeLUAD",-0.412922254088095,NA,NA,0.616034600032481,0.69198269998376,0.30801730001624,0.823410140015715,TRUE,"SFPQ"
"tumorTypePAAD",1.41884966042034,NA,NA,0.0662502807330391,0.0331251403665195,0.96687485963348,0.772488260125892,TRUE,"SFPQ"
