"coefName","coef","X2.5..","X97.5..","pVal","upperTailPval","lowerTailPval","Std.error","converged","HGNC"
"(Intercept)",-13.3976830503681,NA,NA,2.60121229965268e-149,1,0,0.514806141569695,TRUE,"SMARCD1"
"isTarget1",-0.319798990643756,NA,NA,0.693034286262111,0.653482856868944,0.346517143131056,0.810149590828113,TRUE,"SMARCD1"
"tumorTypeIDC",-0.311711169429932,NA,NA,0.608603063809617,0.695698468095192,0.304301531904808,0.60872942688721,TRUE,"SMARCD1"
"tumorTypeLUAD",-0.0808569574435812,NA,NA,0.904365056914637,0.547817471542681,0.452182528457319,0.672971945693675,TRUE,"SMARCD1"
"tumorTypePAAD",-0.514291814284301,NA,NA,0.525619181047604,0.737190409476198,0.262809590523802,0.810281569379902,TRUE,"SMARCD1"
