"coefName","coef","X2.5..","X97.5..","pVal","upperTailPval","lowerTailPval","Std.error","converged","HGNC"
"(Intercept)",-12.9052701020044,NA,NA,6.23114100457348e-140,1,0,0.512470025616223,TRUE,"SMARCE1"
"isTarget1",-0.319441459737585,NA,NA,0.693291694840847,0.653354152579577,0.346645847420423,0.809959405290488,TRUE,"SMARCE1"
"tumorTypeIDC",-0.714410582289851,NA,NA,0.295630197978513,0.852184901010743,0.147815098989257,0.683090732848952,TRUE,"SMARCE1"
"tumorTypeLUAD",0.249236111853075,NA,NA,0.696319718344113,0.348159859172056,0.651840140827944,0.638586794844818,TRUE,"SMARCE1"
"tumorTypePAAD",-0.542486638719072,NA,NA,0.503133494549149,0.748433252725426,0.251566747274574,0.810204473513417,TRUE,"SMARCE1"
