"coefName","coef","X2.5..","X97.5..","pVal","upperTailPval","lowerTailPval","Std.error","converged","HGNC"
"(Intercept)",-13.3604576637914,NA,NA,5.30549898013977e-233,1,0,0.409929216133896,TRUE,"SMC3"
"isTarget1",0.150537787919578,NA,NA,0.791852813390443,0.395926406695222,0.604073593304778,0.570423292144601,TRUE,"SMC3"
"tumorTypeIDC",0.225194952530459,NA,NA,0.631246102954969,0.315623051477484,0.684376948522516,0.469181870449545,TRUE,"SMC3"
"tumorTypeLUAD",-0.0622627927788364,NA,NA,0.914017686570794,0.542991156714603,0.457008843285397,0.576655386322216,TRUE,"SMC3"
"tumorTypePAAD",-0.848980001577939,NA,NA,0.300626404773337,0.849686797613331,0.150313202386669,0.820198401073048,TRUE,"SMC3"
