"coefName","coef","X2.5..","X97.5..","pVal","upperTailPval","lowerTailPval","Std.error","converged","HGNC"
"(Intercept)",-12.5200133614388,NA,NA,0,1,0,0.302820742903745,TRUE,"SNX29"
"isTarget1",0.0986596040502775,NA,NA,0.839611714903021,0.41980585745151,0.58019414254849,0.487472318880464,TRUE,"SNX29"
"tumorTypeIDC",-0.0123962907629692,NA,NA,0.973276128156123,0.513361935921939,0.486638064078061,0.370042163915017,TRUE,"SNX29"
"tumorTypeLUAD",0.298850868942301,NA,NA,0.482550553544258,0.241275276772129,0.758724723227871,0.425588454112622,TRUE,"SNX29"
"tumorTypePAAD",-0.729313430886501,NA,NA,0.242667333842494,0.878666333078753,0.121333666921247,0.62422740839124,TRUE,"SNX29"
