"coefName","coef","X2.5..","X97.5..","pVal","upperTailPval","lowerTailPval","Std.error","converged","HGNC"
"(Intercept)",-12.6953787077013,NA,NA,0,1,0,0.276545470050719,TRUE,"SPEN"
"isTarget1",-0.0699487178566401,NA,NA,0.856536365344067,0.571731817327966,0.428268182672034,0.386916678071728,TRUE,"SPEN"
"tumorTypeIDC",-0.333015936535305,NA,NA,0.340686453411585,0.829656773294207,0.170343226705793,0.349509356695101,TRUE,"SPEN"
"tumorTypeLUAD",-0.409982551535457,NA,NA,0.365583927728935,0.817208036135532,0.182791963864468,0.453131417033853,TRUE,"SPEN"
"tumorTypePAAD",-1.04673022833728,NA,NA,0.102394487995577,0.948802756002211,0.0511972439977887,0.64084698810653,TRUE,"SPEN"
