"coefName","coef","X2.5..","X97.5..","pVal","upperTailPval","lowerTailPval","Std.error","converged","HGNC"
"(Intercept)",-11.7178148578081,NA,NA,0,1,0,0.203442400262315,TRUE,"SPTA1"
"isTarget1",0.271600632229742,NA,NA,0.273829619813001,0.136914809906501,0.863085190093499,0.248198975508406,TRUE,"SPTA1"
"tumorTypeIDC",-0.394626640802183,NA,NA,0.131228008185099,0.934385995907451,0.0656140040925493,0.261467337738035,TRUE,"SPTA1"
"tumorTypeLUAD",0.384724844359834,NA,NA,0.161555008422767,0.0807775042113833,0.919222495788617,0.27483078744771,TRUE,"SPTA1"
"tumorTypePAAD",-1.03828613872986,NA,NA,0.0317698906850689,0.984115054657466,0.0158849453425345,0.48353238272036,TRUE,"SPTA1"
