"coefName","coef","X2.5..","X97.5..","pVal","upperTailPval","lowerTailPval","Std.error","converged","HGNC"
"(Intercept)",-12.6685162436111,NA,NA,0,1,0,0.320040572263818,TRUE,"STAT6"
"isTarget1",-0.399988064186698,NA,NA,0.503497661735798,0.748251169132101,0.251748830867899,0.597892542590076,TRUE,"STAT6"
"tumorTypeIDC",0.133640005973842,NA,NA,0.72781591337914,0.36390795668957,0.63609204331043,0.383987346661471,TRUE,"STAT6"
"tumorTypeLUAD",-0.0165882134211541,NA,NA,0.972251368623021,0.513874315688489,0.486125684311511,0.476881564857544,TRUE,"STAT6"
"tumorTypePAAD",-0.603447626730163,NA,NA,0.331647320538289,0.834176339730856,0.165823660269144,0.621597574433461,TRUE,"STAT6"
