"coefName","coef","X2.5..","X97.5..","pVal","upperTailPval","lowerTailPval","Std.error","converged","HGNC"
"(Intercept)",-12.8697704669004,NA,NA,7.22227751770532e-232,1,0,0.39584709485233,TRUE,"SUZ12"
"isTarget1",0.737898696330765,NA,NA,0.206187154860435,0.103093577430218,0.896906422569782,0.583725449109103,TRUE,"SUZ12"
"tumorTypeIDC",-0.246079772711329,NA,NA,0.609751044276877,0.695124477861562,0.304875522138438,0.482103958749134,TRUE,"SUZ12"
"tumorTypeLUAD",-0.134218781049697,NA,NA,0.812868294979127,0.593565852510436,0.406434147489564,0.566976168553435,TRUE,"SUZ12"
"tumorTypePAAD",-0.302788483678264,NA,NA,0.632085337680976,0.683957331159512,0.316042668840488,0.632398524021665,TRUE,"SUZ12"
