"coefName","coef","X2.5..","X97.5..","pVal","upperTailPval","lowerTailPval","Std.error","converged","HGNC"
"(Intercept)",-12.4837354810188,NA,NA,2.93037687405302e-70,1,0,0.704493079202302,TRUE,"TAL1"
"isTarget1",0.0895637898523053,NA,NA,0.899921627587655,0.449960813793828,0.550039186206172,0.712178273300096,TRUE,"TAL1"
"tumorTypeIDC",-0.23815619873783,NA,NA,0.735978207160516,0.632010896419742,0.367989103580258,0.706309336664835,TRUE,"TAL1"
"tumorTypeLUAD",-0.370085779668509,NA,NA,0.656571182103101,0.67171440894845,0.32828559105155,0.832304110094226,TRUE,"TAL1"
"tumorTypePAAD",-0.293951413640918,NA,NA,0.726731214381165,0.636634392809417,0.363365607190583,0.841117986538082,TRUE,"TAL1"
