"coefName","coef","X2.5..","X97.5..","pVal","upperTailPval","lowerTailPval","Std.error","converged","HGNC"
"(Intercept)",-12.053909761414,NA,NA,3.16022346382866e-244,1,0,0.361165734077356,TRUE,"TBX3"
"isTarget1",0.685843558923642,NA,NA,0.0880881814444444,0.0440440907222222,0.955955909277778,0.402119869573901,TRUE,"TBX3"
"tumorTypeIDC",-0.09748848757806,NA,NA,0.81507710060343,0.592461449698285,0.407538550301715,0.416828841035529,TRUE,"TBX3"
"tumorTypeLUAD",0.660748000321809,NA,NA,0.141952011124262,0.0709760055621311,0.929023994437869,0.449929002146199,TRUE,"TBX3"
"tumorTypePAAD",-1.29863731513854,NA,NA,0.14077802911865,0.929610985440675,0.0703890145593251,0.881687421778138,TRUE,"TBX3"
