"coefName","coef","X2.5..","X97.5..","pVal","upperTailPval","lowerTailPval","Std.error","converged","HGNC"
"(Intercept)",-13.429916441906,NA,NA,1.20664943737728e-48,1,0,0.916249885536642,TRUE,"TCL1A"
"isTarget1",-0.131813764604362,NA,NA,0.880724688817655,0.559637655591172,0.440362344408828,0.878462056930531,TRUE,"TCL1A"
"tumorTypeIDC",0.773982088824811,NA,NA,0.378090595933032,0.189045297966516,0.810954702033484,0.878108263010973,TRUE,"TCL1A"
"tumorTypeLUAD",-0.15838358641348,NA,NA,0.858340976282345,0.570829511858827,0.429170488141173,0.887370458223916,TRUE,"TCL1A"
"tumorTypePAAD",-0.121452609050138,NA,NA,0.892783916231264,0.553608041884368,0.446391958115632,0.901101352364171,TRUE,"TCL1A"
