"coefName","coef","X2.5..","X97.5..","pVal","upperTailPval","lowerTailPval","Std.error","converged","HGNC"
"(Intercept)",-12.4551328129064,NA,NA,0,1,0,0.206882327184062,TRUE,"TET1"
"isTarget1",0.165358923176073,NA,NA,0.644599906246129,0.322299953123064,0.677700046876936,0.358480770205358,TRUE,"TET1"
"tumorTypeIDC",-0.108483518212135,NA,NA,0.675348427840169,0.662325786079916,0.337674213920084,0.259022445788208,TRUE,"TET1"
"tumorTypeLUAD",-0.393790330460536,NA,NA,0.270559716873522,0.864720141563239,0.135279858436761,0.357414633123119,TRUE,"TET1"
"tumorTypePAAD",-0.913435455999794,NA,NA,0.0576873549396131,0.971156322530193,0.0288436774698065,0.481245296007847,TRUE,"TET1"
