"coefName","coef","X2.5..","X97.5..","pVal","upperTailPval","lowerTailPval","Std.error","converged","HGNC"
"(Intercept)",-11.7784160001459,NA,NA,1.36526971733366e-232,1,0,0.361710274005833,TRUE,"TPM3"
"isTarget1",-0.655921473521776,NA,NA,0.400206031883781,0.79989698405811,0.20010301594189,0.779695548214699,TRUE,"TPM3"
"tumorTypeIDC",-0.650780712915832,NA,NA,0.192739325556089,0.903630337221955,0.0963696627780446,0.499632749538943,TRUE,"TPM3"
"tumorTypeLUAD",-0.0750868287193074,NA,NA,0.885062146754134,0.557468926622933,0.442531073377067,0.519433950983914,TRUE,"TPM3"
"tumorTypePAAD",-1.19778581937005,NA,NA,0.16679078675975,0.916604606620125,0.0833953933798748,0.866335138161252,TRUE,"TPM3"
