"coefName","coef","X2.5..","X97.5..","pVal","upperTailPval","lowerTailPval","Std.error","converged","HGNC"
"(Intercept)",-13.0688779402499,NA,NA,6.03193033237914e-239,1,0,0.395918538457304,TRUE,"TRAF7"
"isTarget1",0.283497453686559,NA,NA,0.631783296642805,0.315891648321403,0.684108351678598,0.5915830431971,TRUE,"TRAF7"
"tumorTypeIDC",0.0849694042870478,NA,NA,0.855145671359387,0.427572835679694,0.572427164320306,0.465440552974639,TRUE,"TRAF7"
"tumorTypeLUAD",-0.081218019233109,NA,NA,0.887049518777273,0.556475240611363,0.443524759388637,0.571802460544361,TRUE,"TRAF7"
"tumorTypePAAD",-0.255430906627165,NA,NA,0.687858950020954,0.656070524989523,0.343929475010477,0.635776152849905,TRUE,"TRAF7"
