"coefName","coef","X2.5..","X97.5..","pVal","upperTailPval","lowerTailPval","Std.error","converged","HGNC"
"(Intercept)",-12.5771738369746,NA,NA,1.41187967109311e-267,1,0,0.359887371453678,TRUE,"TRAF3"
"isTarget1",-0.738106087256733,NA,NA,0.346198472459726,0.826900763770137,0.173099236229863,0.783561585654597,TRUE,"TRAF3"
"tumorTypeIDC",-0.221693825491069,NA,NA,0.626591389562747,0.686704305218627,0.313295694781373,0.45566315084968,TRUE,"TRAF3"
"tumorTypeLUAD",-0.22054383561724,NA,NA,0.69209414959985,0.653952925200075,0.346047074799925,0.556908139401835,TRUE,"TRAF3"
"tumorTypePAAD",0.200434775634347,NA,NA,0.709640629074531,0.354820314537266,0.645179685462734,0.538312920158208,TRUE,"TRAF3"
