"coefName","coef","X2.5..","X97.5..","pVal","upperTailPval","lowerTailPval","Std.error","converged","HGNC"
"(Intercept)",-12.7346254847159,NA,NA,0,1,0,0.306931453430249,TRUE,"TRIM33"
"isTarget1",-0.323157566665111,NA,NA,0.591693072477124,0.704153463761438,0.295846536238562,0.602474098373694,TRUE,"TRIM33"
"tumorTypeIDC",-0.354945505997177,NA,NA,0.372306148041225,0.813846925979387,0.186153074020613,0.397848750077453,TRUE,"TRIM33"
"tumorTypeLUAD",-0.602722960007251,NA,NA,0.269220289225633,0.865389855387184,0.134610144612816,0.545519794765599,TRUE,"TRIM33"
"tumorTypePAAD",-0.756382954673137,NA,NA,0.227717526839357,0.886141236580321,0.113858763419679,0.627048394106569,TRUE,"TRIM33"
