"coefName","coef","X2.5..","X97.5..","pVal","upperTailPval","lowerTailPval","Std.error","converged","HGNC"
"(Intercept)",-12.1981606368516,NA,NA,0,1,0,0.292649452838926,TRUE,"TSHR"
"isTarget1",0.231410693112949,NA,NA,0.646603910839602,0.323301955419801,0.676698044580199,0.504728845418472,TRUE,"TSHR"
"tumorTypeIDC",-0.442354117223097,NA,NA,0.246380692606005,0.876809653696997,0.123190346303003,0.381607794556328,TRUE,"TSHR"
"tumorTypeLUAD",-1.19058674641332,NA,NA,0.070641859734804,0.964679070132598,0.035320929867402,0.658593108717812,TRUE,"TSHR"
"tumorTypePAAD",-0.926052771717246,NA,NA,0.14518088366356,0.92740955816822,0.0725904418317802,0.635690660212599,TRUE,"TSHR"
