"coefName","coef","X2.5..","X97.5..","pVal","upperTailPval","lowerTailPval","Std.error","converged","HGNC"
"(Intercept)",-13.1587502607083,NA,NA,2.05677569587221e-107,1,0,0.597710357818938,TRUE,"TXNIP"
"isTarget1",0.05722905006066,NA,NA,0.931455666664844,0.465727833332422,0.534272166667578,0.665349442275328,TRUE,"TXNIP"
"tumorTypeIDC",1.05777254073608,NA,NA,0.103188739639219,0.0515943698196093,0.948405630180391,0.649104535812176,TRUE,"TXNIP"
"tumorTypeLUAD",1.03514866826014,NA,NA,0.154667287535671,0.0773336437678357,0.922666356232164,0.727319643710354,TRUE,"TXNIP"
"tumorTypePAAD",-0.359635548485559,NA,NA,0.663478855561442,0.668260572219279,0.331739427780721,0.826529616289258,TRUE,"TXNIP"
