"coefName","coef","X2.5..","X97.5..","pVal","upperTailPval","lowerTailPval","Std.error","converged","HGNC"
"(Intercept)",-12.6847237775461,NA,NA,4.29518773191816e-277,1,0,0.356627616110067,TRUE,"USP44"
"isTarget1",0.13162971581651,NA,NA,0.814890418789561,0.40744520939478,0.59255479060522,0.562227495770019,TRUE,"USP44"
"tumorTypeIDC",-0.344281161171157,NA,NA,0.448061218117565,0.775969390941218,0.224030609058782,0.453806897626183,TRUE,"USP44"
"tumorTypeLUAD",0.460261827071606,NA,NA,0.332774508826562,0.166387254413281,0.833612745586719,0.475211757285002,TRUE,"USP44"
"tumorTypePAAD",-1.20225582289556,NA,NA,0.165266724392219,0.91736663780389,0.0826333621961096,0.86644431134485,TRUE,"USP44"
