"coefName","coef","X2.5..","X97.5..","pVal","upperTailPval","lowerTailPval","Std.error","converged","HGNC"
"(Intercept)",-12.847878353523,NA,NA,1.32517750354296e-116,1,0,0.559707909091826,TRUE,"VTI1A"
"isTarget1",-0.272433944936581,NA,NA,0.740378757676238,0.629810621161881,0.370189378838119,0.822189387106243,TRUE,"VTI1A"
"tumorTypeIDC",-0.138100740422322,NA,NA,0.82501731430515,0.587491342847425,0.412508657152575,0.624617556447321,TRUE,"VTI1A"
"tumorTypeLUAD",-0.51679380181096,NA,NA,0.52633285629847,0.736833571850765,0.263166428149235,0.815628947095649,TRUE,"VTI1A"
"tumorTypePAAD",0.150193676224438,NA,NA,0.834513341501578,0.417256670750789,0.582743329249211,0.71891689242729,TRUE,"VTI1A"
