"coefName","coef","X2.5..","X97.5..","pVal","upperTailPval","lowerTailPval","Std.error","converged","HGNC"
"(Intercept)",-12.691088662342,NA,NA,6.39252867904825e-175,1,0,0.450088976517054,TRUE,"WIF1"
"isTarget1",0.0181628396782274,NA,NA,0.977880414517242,0.488940207258621,0.511059792741379,0.655075241657915,TRUE,"WIF1"
"tumorTypeIDC",0.252033897551003,NA,NA,0.6172800366849,0.30864001834245,0.69135998165755,0.504361394034495,TRUE,"WIF1"
"tumorTypeLUAD",-0.930000796053491,NA,NA,0.26696227519679,0.866518862401605,0.133481137598395,0.837774181939532,TRUE,"WIF1"
"tumorTypePAAD",-0.735590358767741,NA,NA,0.365940992150981,0.81702950392451,0.18297049607549,0.813613794422103,TRUE,"WIF1"
