"coefName","coef","X2.5..","X97.5..","pVal","upperTailPval","lowerTailPval","Std.error","converged","HGNC"
"(Intercept)",-12.7098185384311,NA,NA,2.10511188718828e-230,1,0,0.392179342279949,TRUE,"ZC3H12A"
"isTarget1",-0.297897745051127,NA,NA,0.622734351005152,0.688632824497424,0.311367175502576,0.60550934833032,TRUE,"ZC3H12A"
"tumorTypeIDC",0.169207699400417,NA,NA,0.712496793803348,0.356248396901674,0.643751603098326,0.459173542657486,TRUE,"ZC3H12A"
"tumorTypeLUAD",1.08525428221815,NA,NA,0.0292342511049145,0.0146171255524573,0.985382874447543,0.497751546738515,TRUE,"ZC3H12A"
"tumorTypePAAD",-0.273401185866382,NA,NA,0.666727808133322,0.666636095933339,0.333363904066661,0.634867034624616,TRUE,"ZC3H12A"
