"coefName","coef","X2.5..","X97.5..","pVal","upperTailPval","lowerTailPval","Std.error","converged","HGNC"
"(Intercept)",-13.2449429127836,NA,NA,5.41911211236769e-207,1,0,0.431408928591859,TRUE,"ZCCHC8"
"isTarget1",0.981131687437385,NA,NA,0.0706261391299223,0.0353130695649612,0.964686930435039,0.542699202423579,TRUE,"ZCCHC8"
"tumorTypeIDC",0.456018508584366,NA,NA,0.335149140680596,0.167574570340298,0.832425429659702,0.473149280937828,TRUE,"ZCCHC8"
"tumorTypeLUAD",-0.373712044082427,NA,NA,0.558182284936425,0.720908857531787,0.279091142468213,0.638230985244517,TRUE,"ZCCHC8"
"tumorTypePAAD",-0.829857069709344,NA,NA,0.311488152075879,0.844255923962061,0.155744076037939,0.819932303852832,TRUE,"ZCCHC8"
