"coefName","coef","X2.5..","X97.5..","pVal","upperTailPval","lowerTailPval","Std.error","converged","HGNC"
"(Intercept)",-12.6035582213747,NA,NA,0,1,0,0.205880705994837,TRUE,"ZFHX3"
"isTarget1",0.429552377886252,NA,NA,0.227556693231962,0.113778346615981,0.886221653384019,0.355979687147093,TRUE,"ZFHX3"
"tumorTypeIDC",-0.793939286555968,NA,NA,0.00819935567886751,0.995900322160566,0.00409967783943377,0.300308175966241,TRUE,"ZFHX3"
"tumorTypeLUAD",-0.19395002394381,NA,NA,0.551841412833743,0.724079293583129,0.275920706416871,0.325964739984013,TRUE,"ZFHX3"
"tumorTypePAAD",-1.28860380379495,NA,NA,0.0199408211961943,0.990029589401903,0.00997041059809711,0.553652509958067,TRUE,"ZFHX3"
