"coefName","coef","X2.5..","X97.5..","pVal","upperTailPval","lowerTailPval","Std.error","converged","HGNC"
"(Intercept)",-13.1485000041184,NA,NA,0,1,0,0.331740236457589,TRUE,"ZMYM2"
"isTarget1",-0.937132427978078,NA,NA,0.241685148941566,0.879157425529217,0.120842574470783,0.800430744439961,TRUE,"ZMYM2"
"tumorTypeIDC",-0.0517505077022205,NA,NA,0.898425482147526,0.550787258926237,0.449212741073763,0.405407463129111,TRUE,"ZMYM2"
"tumorTypeLUAD",0.018972710835805,NA,NA,0.968666486800034,0.484333243400017,0.515666756599983,0.483001727247586,TRUE,"ZMYM2"
"tumorTypePAAD",-1.35050960750437,NA,NA,0.128896314092681,0.935551842953659,0.0644481570463405,0.889389233293388,TRUE,"ZMYM2"
